%time,Cum_irr,EC_drain_PC,Rhair,Tair,Tot_PAR,pH_drain_PC
43815,0.5,3.6,62.4,21.2,0,4.6
43815.00347,0.7,3.6,61.1,21.8,0,4.6
43815.00694,0.7,3.6,67.8,21.3,0,4.6
43815.01042,0.7,3.6,65.7,21.8,0,4.6
43815.01389,0.7,3.6,63.1,21.6,0,4.6
43815.01736,0.7,3.6,63.1,21.5,0,4.6
43815.02083,0.7,3.6,65.9,21.2,0,4.6
43815.02431,0.7,3.6,64.8,21.4,0,4.6
43815.02778,0.7,3.6,63,21.3,0,4.6
43815.03125,0.7,3.6,61.9,21.5,0,4.6
43815.03472,0.7,3.6,63.4,21.1,0,4.6
43815.03819,0.7,3.6,62.7,21,0,4.6
43815.04167,0.7,3.6,61.8,21.1,0,4.6
43815.04514,0.7,3.6,61.4,21.1,0,4.6
43815.04861,0.7,3.6,61,21.1,0,4.6
43815.05208,0.7,3.6,61.9,20.7,0,4.6
43815.05556,0.7,3.6,62.1,20.8,0,4.6
43815.05903,0.7,3.6,60.9,20.9,0,4.5
43815.0625,0.7,3.6,61.1,20.7,0,4.5
43815.06597,0.7,3.6,61.7,20.6,0,4.5
43815.06944,0.7,3.6,60.5,20.9,0,4.5
43815.07292,0.7,3.6,61.7,20.5,0,4.5
43815.07639,0.7,3.6,61.9,20.7,0,4.5
43815.07986,0.7,3.6,60.4,21,0,4.5
43815.08333,0.7,3.6,62.5,20.6,0,4.5
43815.08681,0,3.6,61.7,21,0,4.5
43815.09028,0,3.6,60.2,21.1,0,4.5
43815.09375,0,3.6,63.8,20.4,0,4.5
43815.09722,0,3.6,62.9,21,0,4.5
43815.10069,0,3.6,60.8,21.4,0,4.5
43815.10417,0,3.6,66.9,20.8,0,4.5
43815.10764,0,3.6,64.5,21.2,0,4.5
43815.11111,0,3.6,62.1,21.5,0,4.5
43815.11458,0,3.6,62.9,21.2,0,4.6
43815.11806,0,3.6,62.9,21.1,0,4.6
43815.12153,0,3.6,61.6,21.4,0,4.6
43815.125,0,3.6,62.4,21.3,0,4.6
43815.12847,0,3.6,61.9,21.3,0,4.6
43815.13194,0,3.6,61.2,21.2,0,4.6
43815.13542,0,3.6,62.7,20.8,0,4.6
43815.13889,0,3.6,61.9,21,0,4.6
43815.14236,0,3.6,61,20.9,0,4.6
43815.14583,0,3.6,61.5,20.7,0,4.6
43815.14931,0,3.6,62.7,20.8,0,4.6
43815.15278,0,3.6,61.6,20.9,0,4.6
43815.15625,0,3.6,60.3,21,0,4.6
43815.15972,0,3.6,63,20.3,0,4.6
43815.16319,0,3.6,63.5,20.6,0,4.6
43815.16667,0,3.6,61.7,20.8,0,4.6
43815.17014,0,3.6,60.4,21.3,0,4.5
43815.17361,0,3.6,65.1,20.5,0,4.6
43815.17708,0,3.6,64.4,20.7,0,4.5
43815.18056,0,3.6,62.3,21.2,0,4.5
43815.18403,0,3.6,61.3,21.2,0,4.6
43815.1875,0,3.6,63,20.7,0,4.6
43815.19097,0,3.6,63.9,20.8,0,4.6
43815.19444,0,3.6,62.3,21.1,0,4.6
43815.19792,0,3.6,61,21.2,0,4.6
43815.20139,0,3.6,62.9,20.8,0,4.6
43815.20486,0,3.6,62.8,21,0,4.6
43815.20833,0,3.6,61.2,21.4,0,4.6
43815.21181,0,3.6,64,20.8,0,4.6
43815.21528,0,3.6,63.1,20.9,0,4.6
43815.21875,0,3.6,61.4,21.2,0,4.6
43815.22222,0,3.6,62.7,21.1,0,4.6
43815.22569,0,3.6,62,21.1,0,4.6
43815.22917,0,3.6,61.1,21.1,0,4.6
43815.23264,0,3.6,62.9,20.7,0,4.6
43815.23611,0,3.6,62.9,20.9,0,4.6
43815.23958,0,3.6,61.4,21.4,0,4.6
43815.24306,0,3.6,62.9,20.7,0,4.6
43815.24653,0,3.6,62.7,21,0,4.6
43815.25,0,3.6,61.1,21.2,0,4.6
43815.25347,0,3.6,61.8,21,0,4.6
43815.25694,0,3.6,60.9,21.2,0,4.6
43815.26042,0,3.6,63,20.6,0,4.6
43815.26389,0,3.6,63.1,21,0,4.6
43815.26736,0,3.6,61.8,21,0,4.6
43815.27083,0,3.6,61,20.9,0,4.6
43815.27431,0,3.6,61.5,21.1,0,4.6
43815.27778,0,3.6,60.7,21,0,4.6
43815.28125,0,3.6,62.8,20.7,0,4.6
43815.28472,0,3.6,62.4,20.8,0,4.6
43815.28819,0,3.6,61.2,21.1,0,4.6
43815.29167,0,3.6,62.1,20.9,0,4.6
43815.29514,0,3.6,61.6,21.1,0,4.6
43815.29861,0,3.6,62.3,20.8,0,4.6
43815.30208,0,3.6,62.4,21,0,4.6
43815.30556,0,3.6,61.2,21.3,0,4.6
43815.30903,0,3.6,63.5,20.8,0,4.6
43815.3125,0,3.6,63.2,20.9,0,4.6
43815.31597,0,3.6,62.2,21,0,4.6
43815.31944,0,3.6,61.4,21.2,0,4.6
43815.32292,0,3.6,62.6,20.9,0,4.6
43815.32639,0,3.6,62.2,21.1,0,4.6
43815.32986,0,3.6,61.3,21.3,0,4.6
43815.33333,0,3.6,63.2,21,0,4.6
43815.33681,0,3.6,62.5,21.1,0,4.6
43815.34028,0,3.6,61.6,21.2,0,4.6
43815.34375,0,3.6,61.3,21.2,0,4.6
43815.34722,0,3.6,63.1,20.9,0,4.6
43815.35069,0,3.6,62.4,21.1,149,4.6
43815.35417,0,3.6,61.4,21.3,149,4.6
43815.35764,0,3.6,62.8,21.3,149,4.6
43815.36111,0,3.6,61.8,21.9,149,4.6
43815.36458,0,3.6,66.9,21.1,149,4.6
43815.36806,0,3.6,66.4,22,149,4.6
43815.37153,0,3.6,64,22.2,149,4.6
43815.375,0,3.6,64.4,22.1,149,4.6
43815.37847,0,3.6,66.8,22.3,149,4.6
43815.38194,0,3.6,65.1,22.3,150,4.6
43815.38542,0,3.6,63.5,22.5,154,4.6
43815.38889,0,3.6,66.7,21.9,159,4.6
43815.39236,0,3.6,65.4,22.2,159,4.6
43815.39583,0,3.6,64.2,22.2,160,4.6
43815.39931,0,3.6,63.5,22.4,164,4.6
43815.40278,0,3.6,65.7,22,164,4.6
43815.40625,0,3.6,66,21.9,166,4.6
43815.40972,0,3.6,65.5,21.8,166,4.6
43815.41319,0,3.6,64.7,22,172,4.6
43815.41667,0,3.6,64.6,21.8,173,4.6
43815.42014,0,3.6,64.3,21.9,175,4.6
43815.42361,0,3.6,63.6,22,177,4.6
43815.42708,0,3.6,63.5,22,175,4.6
43815.43056,0,3.6,63.5,21.8,178,4.6
43815.43403,0,3.6,63.1,21.9,178,4.6
43815.4375,0,3.6,63.5,21.8,178,4.6
43815.44097,0,3.6,63.6,21.8,176,4.6
43815.44444,0,3.6,63.4,21.8,179,4.6
43815.44792,0,3.6,63.1,21.8,185,4.6
43815.45139,0,3.6,63,21.8,186,4.6
43815.45486,0,3.6,64.1,21.7,190,4.6
43815.45833,0,3.6,64.1,21.7,190,4.6
43815.46181,0,3.6,63.8,21.7,197,4.6
43815.46528,0,3.6,63.3,21.7,192,4.6
43815.46875,0,3.6,62.9,21.7,198,4.6
43815.47222,0,3.6,62.3,21.5,201,4.6
43815.47569,0,3.6,63.4,21.4,199,4.6
43815.47917,0,3.6,65.2,21.2,201,4.6
43815.48264,0,3.6,64,21.6,206,4.6
43815.48611,0,3.6,63.6,21.5,217,4.6
43815.48958,0,3.6,63.6,21.4,223,4.6
43815.49306,0,3.6,64.2,21.7,234,4.6
43815.49653,0,3.6,64.5,21.8,232,4.6
43815.5,0,3.6,64,21.6,217,4.6
43815.50347,0,3.6,64.8,21.7,212,4.6
43815.50694,0,3.6,65.6,21.7,208,4.6
43815.51042,0,3.6,65.4,21.4,208,4.6
43815.51389,0,3.6,66.5,21.2,202,4.6
43815.51736,0,3.6,66.4,21.4,209,4.6
43815.52083,0,3.6,66.6,21.4,220,4.6
43815.52431,0,3.6,67.5,21.5,221,4.6
43815.52778,0,3.6,67.4,21.4,215,4.6
43815.53125,0,3.6,67.6,21.3,207,4.6
43815.53472,0,3.6,68.2,21.3,201,4.6
43815.53819,0,3.6,68.1,21.2,201,4.6
43815.54167,0,3.6,67.8,21.2,202,4.6
43815.54514,0,3.6,68.5,21.1,203,4.6
43815.54861,0,3.6,68.2,21,203,4.6
43815.55208,0,3.6,68,21.4,204,4.6
43815.55556,0,3.6,68.5,21.1,192,4.6
43815.55903,0,3.6,68.5,21.1,188,4.6
43815.5625,0,3.6,68.4,21.1,187,4.6
43815.56597,0,3.6,68.4,21.1,187,4.6
43815.56944,0,3.6,67.8,21.1,196,4.6
43815.57292,0,3.6,68.1,21.1,193,4.6
43815.57639,0,3.6,67.8,21.1,200,4.6
43815.57986,0,3.6,67.2,21.2,210,4.6
43815.58333,0,3.6,67.9,21.2,200,4.6
43815.58681,0,3.6,68,21,192,4.6
43815.59028,0,3.6,68.1,20.9,189,4.6
43815.59375,0,3.6,68.7,20.9,140,4.6
43815.59722,0,3.6,68.7,21.1,181,4.6
43815.60069,0,3.6,68.9,20.9,189,4.6
43815.60417,0,3.6,69.4,21.2,185,4.6
43815.60764,0,3.6,68.7,21.3,187,4.6
43815.61111,0,3.6,68.7,21.2,185,4.6
43815.61458,0,3.6,68.8,21.2,176,4.6
43815.61806,0,3.6,68.3,20.9,177,4.6
43815.62153,0,3.6,69.1,20.7,175,4.6
43815.625,0,3.6,69,20.8,168,4.6
43815.62847,0,3.6,68.2,20.5,171,4.6
43815.63194,0,3.6,68.7,20.7,175,4.6
43815.63542,0,3.6,67.8,20.9,174,4.6
43815.63889,0,3.6,67.6,20.6,172,4.6
43815.64236,0,3.6,68,20.9,172,4.6
43815.64583,0,3.6,66.8,20.7,171,4.6
43815.64931,0,3.6,67,20.6,172,4.6
43815.65278,0,3.6,66.9,20.7,164,4.6
43815.65625,0,3.6,66.3,20.7,165,4.6
43815.65972,0,3.6,66.6,20.6,160,4.6
43815.66319,0,3.6,66.1,20.9,158,4.6
43815.66667,0,3.6,66.4,20.6,156,4.6
43815.67014,0,3.6,66.8,20.9,155,4.6
43815.67361,0,3.6,66,20.4,153,4.6
43815.67708,0,3.6,66.4,19.8,152,4.6
43815.68056,0,3.6,66.6,19.6,152,4.6
43815.68403,0,3.6,66.3,19.5,150,4.6
43815.6875,0,3.6,66.4,19.6,126,4.6
43815.69097,0,3.6,66.2,19.9,126,4.6
43815.69444,0,3.6,65.7,20.3,126,4.6
43815.69792,0,3.6,65.3,20.4,126,4.6
43815.70139,0,3.6,65.2,20.6,126,4.6
43815.70486,0,3.6,65.3,20.5,126,4.6
43815.70833,0,3.6,65.5,20.7,126,4.6
43815.71181,0,3.6,65.8,20.7,137,4.6
43815.71528,0,3.6,66.4,20.5,149,4.6
43815.71875,0,3.6,66.5,20.4,149,4.6
43815.72222,0,3.6,66.7,20.5,149,4.6
43815.72569,0,3.6,66.2,20.6,149,4.6
43815.72917,0,3.6,66.3,20.8,149,4.6
43815.73264,0,3.6,66.1,20.7,149,4.6
43815.73611,0,3.6,66,20.7,149,4.6
43815.73958,0,3.6,66.3,20.7,149,4.6
43815.74306,0,3.6,66.2,20.9,149,4.6
43815.74653,0,3.6,66.3,20.7,149,4.6
43815.75,0,3.6,66.6,20.8,149,4.6
43815.75347,0,3.6,66.4,20.7,149,4.6
43815.75694,0,3.6,66.6,20.8,149,4.6
43815.76042,0,3.6,66.4,20.8,149,4.6
43815.76389,0,3.6,65.6,20.9,149,4.6
43815.76736,0,3.6,65.4,20.9,149,4.6
43815.77083,0,3.6,65.1,20.9,149,4.6
43815.77431,0,3.6,64.9,20.8,149,4.6
43815.77778,0,3.6,65.1,20.8,0,4.6
43815.78125,0,3.6,66,19.4,0,4.6
43815.78472,0,3.6,68.5,17.5,0,4.6
43815.78819,0,3.6,68.9,17.2,0,4.6
43815.79167,0,3.6,68.8,15.8,0,4.6
43815.79514,0,3.7,70.8,15.7,0,4.6
43815.79861,0,3.7,70.3,15.9,0,4.6
43815.80208,0,3.7,70.5,15.4,0,4.6
43815.80556,0,3.7,71.2,15.5,0,4.6
43815.80903,0,3.7,71.2,15.4,0,4.6
43815.8125,0,3.7,71.7,15.5,0,4.6
43815.81597,0,3.7,72.2,15.1,0,4.6
43815.81944,0,3.7,72.8,14.9,0,4.6
43815.82292,0,3.7,73.5,14.7,0,4.6
43815.82639,0,3.7,73.9,14.6,0,4.6
43815.82986,0,3.7,74.3,14.4,0,4.6
43815.83333,0,3.7,74.9,14.4,0,4.6
43815.83681,0,3.7,75.3,14.4,0,4.6
43815.84028,0,3.7,75.7,14.4,0,4.6
43815.84375,0,3.7,76.1,14.4,0,4.6
43815.84722,0,3.7,76.8,14.3,0,4.6
43815.85069,0,3.7,77.2,14.1,0,4.6
43815.85417,0,3.7,77.8,14.3,0,4.6
43815.85764,0,3.7,78.5,14.2,0,4.6
43815.86111,0,3.7,79.1,14.2,0,4.6
43815.86458,0,3.7,79.4,14,0,4.6
43815.86806,0,3.7,79.8,14.1,0,4.6
43815.87153,0,3.7,80.3,13.9,0,4.6
43815.875,0,3.7,80.8,13.9,0,4.6
43815.87847,0,3.7,81,13.8,0,4.6
43815.88194,0,3.7,81.4,13.8,0,4.6
43815.88542,0,3.7,81.6,13.8,0,4.6
43815.88889,0,3.7,81.9,13.7,0,4.6
43815.89236,0,3.7,82.2,13.7,0,4.6
43815.89583,0,3.7,82.6,13.4,0,4.6
43815.89931,0,3.7,82.9,13.3,0,4.6
43815.90278,0,3.7,83.2,13.5,0,4.6
43815.90625,0,3.7,83.4,13.5,0,4.6
43815.90972,0,3.7,83.5,13.4,0,4.6
43815.91319,0,3.7,83.7,13.4,0,4.6
43815.91667,0,3.7,83.9,13.3,0,4.6
43815.92014,0,3.7,84.2,13.2,0,4.6
43815.92361,0,3.7,84.4,13.2,0,4.6
43815.92708,0,3.7,84.6,13.1,0,4.6
43815.93056,0,3.7,84.9,13,0,4.6
43815.93403,0,3.7,84.5,13.2,0,4.6
43815.9375,0,3.7,83.4,13.4,0,4.6
43815.94097,0,3.7,82.7,13.3,0,4.6
43815.94444,0,3.7,82.4,13.3,0,4.6
43815.94792,0,3.7,82.2,13.3,0,4.6
43815.95139,0,3.7,82.2,13.3,0,4.6
43815.95486,0,3.7,82.4,13.1,0,4.6
43815.95833,0,3.7,82.2,13.1,0,4.6
43815.96181,0,3.7,82.2,13.2,0,4.6
43815.96528,0,3.7,82.3,13.1,0,4.6
43815.96875,0,3.7,82.3,13.1,0,4.6
43815.97222,0,3.7,82.4,13.1,0,4.6
43815.97569,0,3.7,82.6,13,0,4.6
43815.97917,0,3.7,82.8,12.9,0,4.6
43815.98264,0,3.7,82.9,13,0,4.6
43815.98611,0,3.7,83.2,12.9,0,4.6
43815.98958,0,3.7,83.2,12.8,0,4.6
43815.99306,0,3.7,83.5,12.7,0,4.6
43815.99653,0,3.7,83.8,12.7,0,4.6
43816,0,3.7,83.9,12.7,0,4.6
43816.00347,0,3.7,83.8,12.7,0,4.6
43816.00694,0,3.7,83.8,12.5,0,4.6
43816.01042,0,3.7,83.9,12.5,0,4.6
43816.01389,0,3.7,84.1,13,0,4.6
43816.01736,0,3.7,83,13.1,0,4.6
43816.02083,0,3.7,82.7,13.4,0,4.6
43816.02431,0,3.7,82.7,13.5,0,4.6
43816.02778,0,3.7,82.9,13.6,0,4.6
43816.03125,0,3.7,83.2,13.5,0,4.6
43816.03472,0,3.7,83.6,13.3,0,4.6
43816.03819,0,3.7,84,13.7,0,4.6
43816.04167,0,3.7,84.4,13.5,0,4.6
43816.04514,0,3.7,84.7,13.5,0,4.6
43816.04861,0,3.7,85.1,13.5,0,4.6
43816.05208,0,3.7,85.4,13.5,0,4.6
43816.05556,0,3.7,85.7,13.2,0,4.6
43816.05903,0,3.7,85.9,13.5,0,4.6
43816.0625,0,3.7,86.2,13.3,0,4.6
43816.06597,0,3.7,86.4,13.5,0,4.6
43816.06944,0,3.7,86.7,13.4,0,4.6
43816.07292,0,3.7,86.9,13.5,0,4.6
43816.07639,0,3.7,87.1,13.3,0,4.6
43816.07986,0,3.7,87.4,13.3,0,4.6
43816.08333,0,3.7,87.6,13.2,0,4.6
43816.08681,0,3.7,87.9,13.2,0,4.6
43816.09028,0,3.7,88.1,13,0,4.6
43816.09375,0,3.7,88.3,13.1,0,4.6
43816.09722,0,3.7,88.4,13.2,0,4.6
43816.10069,0,3.7,88.5,12.9,0,4.6
43816.10417,0,3.7,88.8,13,0,4.6
43816.10764,0,3.7,88.8,13,0,4.6
43816.11111,0,3.7,88.8,12.8,0,4.6
43816.11458,0,3.7,88.9,12.8,0,4.6
43816.11806,0,3.7,89.1,12.9,0,4.6
43816.12153,0,3.7,89.2,12.8,0,4.6
43816.125,0,3.7,89.3,12.7,0,4.6
43816.12847,0,3.7,89.4,12.8,0,4.6
43816.13194,0,3.7,89.5,12.7,0,4.6
43816.13542,0,3.7,89.7,12.8,0,4.6
43816.13889,0,3.7,89.9,12.7,0,4.6
43816.14236,0,3.7,89.9,12.7,0,4.6
43816.14583,0,3.7,89.9,12.4,0,4.6
43816.14931,0,3.7,90,12.6,0,4.6
43816.15278,0,3.8,90.1,12.5,0,4.6
43816.15625,0,3.7,90.2,12.4,0,4.6
43816.15972,0,3.7,90.3,12.6,0,4.6
43816.16319,0,3.7,90.4,12.5,0,4.6
43816.16667,0,3.7,90.5,12.6,0,4.6
43816.17014,0,3.7,90.6,12.5,0,4.6
43816.17361,0,3.7,90.6,12.4,0,4.6
43816.17708,0,3.7,90.8,12.4,0,4.6
43816.18056,0,3.7,90.9,12.5,0,4.6
43816.18403,0,3.7,90.9,12.3,0,4.6
43816.1875,0,3.7,90.9,12.5,0,4.6
43816.19097,0,3.7,90.9,12.6,0,4.6
43816.19444,0,3.7,91.1,12.4,0,4.6
43816.19792,0,3.7,91.2,12.2,0,4.6
43816.20139,0,3.7,91.2,12.4,0,4.6
43816.20486,0,3.7,91.2,12.4,0,4.6
43816.20833,0,3.7,91.3,12.3,0,4.6
43816.21181,0,3.7,91.4,12.4,0,4.6
43816.21528,0,3.7,91.6,12.4,0,4.6
43816.21875,0,3.7,91.7,12.3,0,4.6
43816.22222,0,3.7,92,12.4,0,4.6
43816.22569,0,3.7,92,12.4,0,4.6
43816.22917,0,3.7,92,12.3,0,4.6
43816.23264,0,3.7,92,12.2,0,4.6
43816.23611,0,3.7,92.3,12.3,0,4.6
43816.23958,0,3.7,92.4,12.3,0,4.6
43816.24306,0,3.7,92.5,12.4,0,4.6
43816.24653,0,3.7,92.5,12.2,0,4.6
43816.25,0,3.7,92.6,12.3,0,4.6
43816.25347,0,3.7,92.7,12.3,0,4.6
43816.25694,0,3.7,92.8,12.4,0,4.6
43816.26042,0,3.7,92.8,12.3,0,4.6
43816.26389,0,3.7,92.9,12.2,0,4.6
43816.26736,0,3.7,93,12.2,0,4.6
43816.27083,0,3.7,93.1,12.3,0,4.6
43816.27431,0,3.7,93.1,12.2,0,4.6
43816.27778,0,3.7,93.2,12.2,0,4.6
43816.28125,0,3.7,93.2,12.3,0,4.6
43816.28472,0,3.7,93.3,12.3,0,4.6
43816.28819,0,3.7,93.2,12.2,0,4.6
43816.29167,0,3.7,93.4,12.4,0,4.6
43816.29514,0,3.7,93.4,12.3,0,4.6
43816.29861,0,3.7,93.4,12.3,0,4.6
43816.30208,0,3.7,93.5,12.3,0,4.6
43816.30556,0,3.7,93.6,12.3,0,4.6
43816.30903,0,3.7,93.7,12.3,0,4.6
43816.3125,0,3.8,93.7,12.3,0,4.6
43816.31597,0,3.7,93.8,12.3,0,4.6
43816.31944,0,3.7,93.9,12.3,149,4.6
43816.32292,0,3.8,93.9,12.7,149,4.6
43816.32639,0,3.7,91.3,14,149,4.6
43816.32986,0,3.7,85.2,15.5,149,4.6
43816.33333,0,3.7,79.7,16.8,149,4.6
43816.33681,0,3.7,75.5,17.6,149,4.6
43816.34028,0,3.7,72.7,18.5,149,4.6
43816.34375,0,3.6,71.7,19.1,149,4.6
43816.34722,0,3.6,69.7,19.6,149,4.6
43816.35069,0,3.6,69.4,19.8,149,4.6
43816.35417,0,3.6,69.3,20,149,4.6
43816.35764,0,3.6,69.8,19.8,149,4.6
43816.36111,0,3.6,69.8,19.9,149,4.6
43816.36458,0,3.6,69.9,19.9,149,4.6
43816.36806,0,3.6,70.3,19.8,100,4.6
43816.37153,0,3.6,70.4,19.7,102,4.6
43816.375,0,3.6,70.6,19.7,103,4.6
43816.37847,0,3.6,70.8,19.5,104,4.6
43816.38194,0,3.6,71.1,19.6,106,4.6
43816.38542,0,3.6,71.7,19.5,108,4.6
43816.38889,0,3.6,71.7,19.6,112,4.6
43816.39236,0,3.6,72.6,19.8,114,4.6
43816.39583,0,3.6,72.8,19.7,116,4.6
43816.39931,0,3.6,73.5,19.8,115,4.6
43816.40278,0,3.6,73.2,19.5,117,4.6
43816.40625,0,3.6,73.7,19.6,119,4.6
43816.40972,0,3.6,74.2,19.3,116,4.6
43816.41319,0,3.6,74.4,19.5,110,4.6
43816.41667,0,3.6,74.3,19,109,4.6
43816.42014,0,3.6,74.3,18.9,108,4.6
43816.42361,0,3.6,74.8,18.9,111,4.6
43816.42708,0,3.6,74.8,18.9,111,4.6
43816.43056,0,3.6,75,18.9,116,4.6
43816.43403,0,3.6,75.5,18.6,130,4.6
43816.4375,0,3.6,76.5,18.4,145,4.6
43816.44097,0,3.6,77,18.4,147,4.6
43816.44444,0,3.6,77.1,18.4,155,4.6
43816.44792,0,3.6,77.1,18.4,167,4.6
43816.45139,0,3.6,76.8,18.7,176,4.6
43816.45486,0,3.7,76,19,162,4.6
43816.45833,0,3.6,75.1,19.3,162,4.6
43816.46181,0,3.6,73.6,19.9,164,4.6
43816.46528,0,3.6,72,20.2,141,4.6
43816.46875,0,3.6,71.6,20.5,131,4.6
43816.47222,0,3.6,71.4,20.6,144,4.6
43816.47569,0,3.6,70.8,21,164,4.6
43816.47917,0,3.6,70,21.2,151,4.6
43816.48264,0,3.6,69.7,21.4,134,4.6
43816.48611,0,3.6,69.7,21.6,124,4.6
43816.48958,0,3.6,69.8,21.6,123,4.6
43816.49306,0,3.6,69.8,21.7,138,4.6
43816.49653,0,3.6,70.1,21.6,126,4.6
43816.5,0,3.6,70.5,21.8,125,4.6
43816.50347,0,3.6,70.9,21.4,125,4.6
43816.50694,0,3.6,71.5,21.6,120,4.6
43816.51042,0,3.6,72,21.5,133,4.6
43816.51389,0,3.6,72,21.5,157,4.6
43816.51736,0,3.6,72,21.4,157,4.6
43816.52083,0,3.6,72.3,21.4,167,4.6
43816.52431,0,3.6,72.3,21.6,176,4.6
43816.52778,0,3.6,72.3,21.6,157,4.6
43816.53125,0,3.6,72.6,21.4,242,4.6
43816.53472,0,3.6,72.4,22.1,259,4.6
43816.53819,0,3.6,72.2,22.3,291,4.6
43816.54167,0,3.6,71.1,22.3,275,4.6
43816.54514,0,3.6,68.4,21.7,261,4.6
43816.54861,0,3.6,69.7,21.9,183,4.6
43816.55208,0,3.6,69.6,21.9,164,4.6
43816.55556,0,3.6,69.6,22.1,191,4.6
43816.55903,0,3.6,69.8,22.1,246,4.6
43816.5625,0,3.6,70.2,22.4,309,4.6
43816.56597,0,3.6,67.8,21.8,300,4.6
43816.56944,0,3.6,68.4,21.8,224,4.6
43816.57292,0,3.6,69.1,22.1,348,4.6
43816.57639,0,3.6,68.6,22.5,320,4.6
43816.57986,0,3.6,65.1,22.2,275,4.6
43816.58333,0,3.6,65.2,21.8,206,4.6
43816.58681,0,3.6,65.9,22,281,4.6
43816.59028,0,3.6,66.6,22.3,318,4.6
43816.59375,0,3.6,64.6,22.5,214,4.6
43816.59722,0,3.6,64.5,21.9,197,4.6
43816.60069,0,3.6,65.1,21.9,200,4.6
43816.60417,0,3.6,65.3,21.9,183,4.6
43816.60764,0,3.6,65.9,21.8,147,4.6
43816.61111,0,3.6,66.7,21.8,126,4.6
43816.61458,0,3.6,68.2,21.7,128,4.6
43816.61806,0,3.6,69.5,21.7,126,4.6
43816.62153,0,3.6,70.6,21.4,126,4.6
43816.625,0,3.6,71.7,21.4,111,4.6
43816.62847,0,3.6,72.7,21.1,112,4.6
43816.63194,0,3.6,73.6,21,161,4.6
43816.63542,0,3.6,74.2,21,162,4.6
43816.63889,0,3.6,74.8,20.9,174,4.6
43816.64236,0,3.6,75.5,20.9,177,4.6
43816.64583,0,3.6,75.5,20.8,183,4.6
43816.64931,0,3.6,76.1,20.7,180,4.6
43816.65278,0,3.6,75.8,20.7,128,4.6
43816.65625,0,3.6,75.7,20.7,137,4.6
43816.65972,0,3.6,75.2,21,128,4.6
43816.66319,0,3.6,74.9,20.9,120,4.6
43816.66667,0,3.6,74.9,20.7,113,4.6
43816.67014,0,3.6,74.9,20.8,109,4.6
43816.67361,0,3.6,74.9,20.7,106,4.6
43816.67708,0,3.6,75.2,20.6,104,4.6
43816.68056,0,3.6,75.5,20.4,103,4.6
43816.68403,0,3.6,75.8,20.5,103,4.6
43816.6875,0,3.6,75.8,20.5,102,4.6
43816.69097,0,3.6,75.8,20.6,100,4.6
43816.69444,0,3.6,75.8,20.5,100,4.6
43816.69792,0,3.6,75.8,20.5,100,4.6
43816.70139,0,3.6,76,20.5,100,4.6
43816.70486,0,3.6,76,20.4,149,4.6
43816.70833,0,3.6,75.9,20.5,149,4.6
43816.71181,0,3.6,75.6,20.5,149,4.6
43816.71528,0,3.6,75.3,20.6,149,4.6
43816.71875,0,3.6,74.8,20.5,149,4.6
43816.72222,0,3.6,74.3,20.2,149,4.6
43816.72569,0,3.6,73.8,20.5,149,4.6
43816.72917,0,3.6,72.9,20.3,149,4.6
43816.73264,0,3.6,72,20.7,149,4.6
43816.73611,0,3.6,70.9,20.7,149,4.6
43816.73958,0,3.6,70.1,20.7,149,4.6
43816.74306,0,3.6,69.6,20.7,149,4.6
43816.74653,0,3.6,69.3,20.9,149,4.6
43816.75,0,3.6,69.2,20.7,149,4.6
43816.75347,0,3.6,69,20.6,149,4.6
43816.75694,0,3.6,68.5,20.5,149,4.6
43816.76042,0,3.6,67.9,20.9,149,4.6
43816.76389,0,3.6,67.4,20.7,149,4.6
43816.76736,0,3.6,67,20.8,149,4.6
43816.77083,0,3.6,66.8,20.6,0,4.6
43816.77431,0,3.6,67.4,20.6,0,4.6
43816.77778,0,3.6,67.6,20.5,0,4.6
43816.78125,0,3.6,67.3,20.5,1,4.6
43816.78472,0,3.6,66.7,20.5,0,4.6
43816.78819,0,3.6,66.3,20.4,0,4.6
43816.79167,0,3.6,66.5,20,0,4.6
43816.79514,0,3.6,67.2,19.2,0,4.6
43816.79861,0,3.6,67.9,18.7,0,4.6
43816.80208,0,3.6,68.8,18.1,0,4.6
43816.80556,0,3.6,69.2,17.6,0,4.6
43816.80903,0,3.6,69.2,17.3,0,4.6
43816.8125,0,3.6,70.3,16.5,0,4.6
43816.81597,0,3.6,72.1,15.5,0,4.6
43816.81944,0,3.7,73.5,15.2,0,4.6
43816.82292,0,3.7,75,14.4,0,4.6
43816.82639,0,3.7,75.8,14.5,0,4.6
43816.82986,0,3.7,75.8,14.4,0,4.6
43816.83333,0,3.7,76.3,14.1,0,4.6
43816.83681,0,3.7,76.6,14,0,4.6
43816.84028,0,3.7,76.9,14.1,0,4.6
43816.84375,0,3.7,76.8,13.8,0,4.6
43816.84722,0,3.7,77.1,13.7,0,4.6
43816.85069,0,3.7,76.8,13.8,0,4.6
43816.85417,0,3.7,77,13.3,0,4.6
43816.85764,0,3.7,77.1,13.5,0,4.6
43816.86111,0,3.7,76.6,13.1,0,4.6
43816.86458,0,3.7,77,13.2,0,4.6
43816.86806,0,3.7,76.8,13.2,0,4.6
43816.87153,0,3.7,76.5,13.2,0,4.6
43816.875,0,3.7,77.1,13,1,4.6
43816.87847,0,3.7,77.4,13.2,0,4.6
43816.88194,0,3.7,77.4,13.3,0,4.6
43816.88542,0,3.7,77.7,13,0,4.6
43816.88889,0,3.7,77.9,13.2,0,4.6
43816.89236,0,3.7,78,13.2,0,4.6
43816.89583,0,3.7,78.2,13.3,0,4.6
43816.89931,0,3.7,78.4,13.1,0,4.6
43816.90278,0,3.7,78.7,13,0,4.6
43816.90625,0,3.7,78.9,13.1,0,4.6
43816.90972,0,3.7,79.4,13.1,0,4.6
43816.91319,0,3.7,79.8,12.9,0,4.6
43816.91667,0,3.7,80.3,12.9,0,4.6
43816.92014,0,3.7,80.6,13,0,4.6
43816.92361,0,3.7,81,12.9,0,4.6
43816.92708,0,3.7,81.4,12.8,0,4.6
43816.93056,0,3.7,81.7,12.8,0,4.6
43816.93403,0,3.7,82,12.8,0,4.6
43816.9375,0,3.8,82.2,12.6,0,4.6
43816.94097,0,3.7,82.4,12.6,0,4.6
43816.94444,0,3.7,82.6,12.4,0,4.6
43816.94792,0,3.7,82.3,12.5,0,4.6
43816.95139,0,3.7,81.2,12.8,0,4.6
43816.95486,0,3.7,79.7,13,0,4.6
43816.95833,0,3.7,79.3,13.2,0,4.6
43816.96181,0,3.7,79,13.2,0,4.6
43816.96528,0,3.7,79,12.9,0,4.6
43816.96875,0,3.7,79.1,12.9,0,4.6
43816.97222,0,3.7,79.3,13,0,4.6
43816.97569,0,3.7,79.2,13.2,0,4.6
43816.97917,0,3.7,79.6,13,0,4.6
43816.98264,0,3.7,79.8,13.1,0,4.6
43816.98611,0,3.7,80.1,12.9,0,4.6
43816.98958,0,3.7,80.4,12.9,0,4.6
43816.99306,0,3.7,80.8,12.9,0,4.6
43816.99653,0,3.7,81.2,12.8,0,4.6
43817,0,3.7,81.5,12.8,0,4.6
43817.00347,0,3.7,81.4,13,0,4.6
43817.00694,0,3.7,80.6,13.3,0,4.6
43817.01042,0,3.7,80.3,13.5,0,4.6
43817.01389,0,3.7,80.1,13.5,149,4.6
43817.01736,0,3.7,79.9,13.7,149,4.6
43817.02083,0,3.7,78.7,14.2,149,4.6
43817.02431,0,3.7,77.3,14.5,149,4.6
43817.02778,0,3.7,76.3,14.8,149,4.6
43817.03125,0,3.7,75.4,15.1,149,4.6
43817.03472,0,3.7,74.9,15.3,149,4.6
43817.03819,0,3.7,74.6,15.4,149,4.6
43817.04167,0,3.7,74.5,15.4,149,4.6
43817.04514,0,3.7,74.5,15.7,149,4.6
43817.04861,0,3.7,74.5,15.7,149,4.6
43817.05208,0,3.7,74.6,15.7,149,4.6
43817.05556,0,3.7,74.7,15.8,149,4.6
43817.05903,0,3.7,75,15.9,149,4.6
43817.0625,0,3.7,75.2,15.9,149,4.6
43817.06597,0,3.7,75.4,15.9,149,4.6
43817.06944,0,3.7,75.6,16.1,149,4.6
43817.07292,0,3.7,75.4,16,149,4.6
43817.07639,0,3.7,75.5,16.1,149,4.6
43817.07986,0,3.7,75.6,16.2,149,4.6
43817.08333,0,3.7,75.6,16,149,4.6
43817.08681,0,3.7,75.5,16.2,149,4.6
43817.09028,0,3.7,75.5,16.4,149,4.6
43817.09375,0,3.7,75.2,16.4,149,4.6
43817.09722,0,3.7,75.4,16.3,149,4.6
43817.10069,0,3.7,75.3,16.4,149,4.6
43817.10417,0,3.7,75.1,16.7,149,4.6
43817.10764,0,3.7,75,16.6,149,4.6
43817.11111,0,3.7,75,16.8,149,4.6
43817.11458,0,3.7,75,16.6,149,4.6
43817.11806,0,3.7,75,16.7,149,4.6
43817.12153,0,3.7,74.9,16.8,149,4.6
43817.125,0,3.7,74.8,16.8,149,4.6
43817.12847,0,3.7,74.9,16.9,149,4.6
43817.13194,0,3.7,75,16.8,149,4.6
43817.13542,0,3.7,75.2,16.8,149,4.6
43817.13889,0,3.7,75.2,16.7,149,4.6
43817.14236,0,3.7,75.2,16.7,149,4.6
43817.14583,0,3.7,75.3,16.7,149,4.6
43817.14931,0,3.7,75.5,16.8,149,4.6
43817.15278,0,3.7,75.6,16.7,149,4.6
43817.15625,0,3.7,75.7,16.7,149,4.6
43817.15972,0,3.7,75.9,16.6,149,4.6
43817.16319,0,3.7,75.8,16.7,149,4.6
43817.16667,0,3.7,76.1,16.9,149,4.6
43817.17014,0,3.7,76.4,16.6,149,4.6
43817.17361,0,3.7,76.5,16.8,149,4.6
43817.17708,0,3.7,76.6,16.9,149,4.6
43817.18056,0,3.7,76.8,16.8,149,4.6
43817.18403,0,3.7,76.9,16.9,149,4.6
43817.1875,0,3.7,77,16.9,149,4.6
43817.19097,0,3.7,77.2,17,149,4.6
43817.19444,0,3.7,77.2,17,149,4.6
43817.19792,0,3.7,77,17.1,149,4.6
43817.20139,0,3.7,75.8,17.5,149,4.6
43817.20486,0,3.7,74.9,17.8,149,4.6
43817.20833,0,3.7,74.4,17.9,149,4.6
43817.21181,0,3.7,74.1,18,149,4.6
43817.21528,0,3.7,73.8,18.2,149,4.6
43817.21875,0,3.7,73.5,18.2,149,4.6
43817.22222,0,3.7,73.8,18.1,149,4.6
43817.22569,0,3.7,74,18.2,149,4.6
43817.22917,0,3.7,74.3,18.2,149,4.6
43817.23264,0,3.7,74.5,18.1,149,4.6
43817.23611,0,3.7,74.7,18.3,149,4.6
43817.23958,0,3.7,74.9,18.3,149,4.6
43817.24306,0,3.7,75.1,18.3,149,4.6
43817.24653,0,3.7,75.3,18.3,149,4.6
43817.25,0,3.7,75.5,18.2,149,4.6
43817.25347,0,3.7,75.8,18.1,149,4.6
43817.25694,0,3.7,75.9,18.1,149,4.6
43817.26042,0,3.7,76.3,18.1,149,4.6
43817.26389,0,3.7,76.4,18.1,149,4.6
43817.26736,0,3.7,76.6,18.2,149,4.6
43817.27083,0,3.7,76.8,18.2,149,4.6
43817.27431,0,3.7,77,18,149,4.6
43817.27778,0,3.7,77.2,18,149,4.6
43817.28125,0,3.7,77.3,17.9,149,4.6
43817.28472,0,3.7,77.7,17.9,149,4.6
43817.28819,0,3.7,77.7,17.9,149,4.6
43817.29167,0,3.7,78,17.8,149,4.6
43817.29514,0,3.7,78.2,17.8,149,4.6
43817.29861,0,3.7,78.2,17.7,149,4.6
43817.30208,0,3.7,78.1,17.9,149,4.6
43817.30556,0,3.7,77.8,18,149,4.6
43817.30903,0,3.7,77.6,17.9,149,4.6
43817.3125,0,3.7,77.4,17.9,149,4.6
43817.31597,0,3.7,77.8,17.8,149,4.6
43817.31944,0,3.7,77.9,18.1,149,4.6
43817.32292,0,3.7,78,17.9,149,4.6
43817.32639,0,3.7,78.2,17.8,149,4.6
43817.32986,0,3.7,78.1,17.8,149,4.6
43817.33333,0,3.7,78.1,17.7,149,4.6
43817.33681,0,3.7,77.7,17.6,149,4.6
43817.34028,0,3.7,76.9,17.9,149,4.6
43817.34375,0,3.7,76.2,18.1,149,4.6
43817.34722,0,3.7,75.6,18.1,149,4.6
43817.35069,0,3.7,74.8,18.4,149,4.6
43817.35417,0,3.7,75.1,18.4,149,4.6
43817.35764,0,3.7,75.4,18.2,149,4.6
43817.36111,0,3.7,75.3,18.4,149,4.6
43817.36458,0,3.7,75.6,18.2,149,4.6
43817.36806,0,3.7,75.6,18.4,149,4.6
43817.37153,0,3.7,76.5,18.1,150,4.6
43817.375,0,3.7,77.7,18.1,150,4.6
43817.37847,0,3.7,77.8,18,151,4.6
43817.38194,0,3.7,78.1,17.8,152,4.6
43817.38542,0,3.7,78.1,17.7,111,4.6
43817.38889,0,3.7,78.4,17.6,118,4.6
43817.39236,0,3.7,77.5,18,121,4.6
43817.39583,0,3.7,75.8,18.4,124,4.6
43817.39931,0,3.7,74.1,18.6,129,4.6
43817.40278,0,3.7,73,18.9,132,4.6
43817.40625,0,3.7,72.4,19.1,138,4.6
43817.40972,0,3.7,72.1,18.9,140,4.6
43817.41319,0,3.7,71.7,19.1,148,4.6
43817.41667,0,3.7,71.3,19,154,4.6
43817.42014,0,3.7,70.9,18.9,162,4.6
43817.42361,0,3.7,70.7,18.6,165,4.6
43817.42708,0,3.7,70.7,18.5,167,4.6
43817.43056,0,3.7,70.5,18.5,176,4.6
43817.43403,0,3.6,70.4,18,200,4.6
43817.4375,0,3.6,70.7,18,209,4.6
43817.44097,0,3.6,70.6,18,222,4.6
43817.44444,0,3.6,70.3,18.2,226,4.6
43817.44792,0,3.6,70,18.3,235,4.6
43817.45139,0,3.6,69.6,18.3,239,4.6
43817.45486,0,3.6,68.5,18.9,247,4.6
43817.45833,0,3.6,66.6,19.5,237,4.6
43817.46181,0,3.6,65.4,20,251,4.6
43817.46528,0,3.6,64.6,20.3,266,4.6
43817.46875,0,3.6,64,20.7,273,4.6
43817.47222,0,3.6,63.6,20.8,269,4.6
43817.47569,0,3.6,63.5,21,263,4.6
43817.47917,0,3.6,63.4,20.8,253,4.6
43817.48264,0,3.6,63.7,20.7,289,4.6
43817.48611,0,3.6,63.3,21,295,4.6
43817.48958,0,3.6,62.4,20.7,310,4.6
43817.49306,0,3.6,62.4,20.7,307,4.6
43817.49653,0,3.6,62,21.2,307,4.6
43817.5,0,3.6,61.6,21,272,4.6
43817.50347,0,3.6,61.5,20.6,308,4.6
43817.50694,0,3.6,61.6,21,296,4.6
43817.51042,0,3.6,61,20.8,310,4.6
43817.51389,0,3.6,61.5,20.8,294,4.6
43817.51736,0,3.6,61.4,20.9,259,4.6
43817.52083,0,3.6,61.8,21,265,4.6
43817.52431,0,3.6,62.1,20.7,307,4.6
43817.52778,0,3.6,62.4,20.9,312,4.6
43817.53125,0,3.6,62.2,20.9,326,4.6
43817.53472,0,3.6,61.7,21,293,4.6
43817.53819,0,3.6,61.8,21,318,4.6
43817.54167,0,3.6,61.4,20.9,326,4.6
43817.54514,0,3.6,61.7,21,319,4.6
43817.54861,0,3.6,61.4,21.1,334,4.6
43817.55208,0,3.6,61.6,21,322,4.6
43817.55556,0,3.6,61.5,20.8,302,4.6
43817.55903,0,3.6,60.4,20.6,316,4.6
43817.5625,0,3.6,61.4,20.9,284,4.6
43817.56597,0,3.6,61.6,20.9,331,4.6
43817.56944,0,3.6,61.4,20.9,280,4.6
43817.57292,0,3.6,60.8,20.8,242,4.6
43817.57639,0,3.6,61.6,20.5,209,4.6
43817.57986,0,3.6,62.4,20.6,209,4.6
43817.58333,0,3.6,62.9,20.5,214,4.6
43817.58681,0,3.6,63.6,20.4,214,4.6
43817.59028,0,3.6,64.2,20.1,181,4.6
43817.59375,0,3.6,64.6,20.1,183,4.6
43817.59722,0,3.6,65.3,20.1,187,4.6
43817.60069,0,3.6,65.4,20,199,4.6
43817.60417,0,3.6,65,20.5,228,4.6
43817.60764,0,3.6,64,20.8,229,4.6
43817.61111,0,3.6,63.6,21,215,4.6
43817.61458,0,3.6,63.2,20.5,196,4.6
43817.61806,0,3.6,63.7,20.5,193,4.6
43817.62153,0,3.6,63.7,20.6,217,4.6
43817.625,0,3.6,63.9,20.6,236,4.6
43817.62847,0,3.6,64,20.6,190,4.6
43817.63194,0,3.6,64.3,20.7,201,4.6
43817.63542,0,3.6,64.7,20.6,183,4.6
43817.63889,0,3.6,65.1,20.5,171,4.6
43817.64236,0,3.6,65.4,20.3,161,4.6
43817.64583,0,3.6,65.5,20.3,157,4.6
43817.64931,0,3.6,65.6,20.3,155,4.6
43817.65278,0,3.6,65.1,20.3,147,4.6
43817.65625,0,3.6,64.8,20.2,147,4.6
43817.65972,0,3.6,64.7,20.3,135,4.6
43817.66319,0,3.6,64.8,20.1,128,4.6
43817.66667,0,3.6,65,20.2,125,4.6
43817.67014,0,3.6,64.9,20.1,119,4.6
43817.67361,0,3.6,64.5,20,114,4.6
43817.67708,0,3.6,64.2,20.2,109,4.6
43817.68056,0,3.6,64.3,20,107,4.6
43817.68403,0,3.6,64.4,19.9,104,4.6
43817.6875,0,3.6,64.6,19.8,102,4.6
43817.69097,0,3.6,65,19.5,100,4.6
43817.69444,0,3.6,65.3,19.5,100,4.6
43817.69792,0,3.6,65.6,19.1,100,4.6
43817.70139,0,3.6,65.8,19,100,4.6
43817.70486,0,3.6,66.2,18.7,100,4.6
43817.70833,0,3.6,66.1,18.8,100,4.6
43817.71181,0,3.6,65.6,18.9,100,4.6
43817.71528,0,3.6,64.9,19,100,4.6
43817.71875,0,3.6,64.4,19.1,100,4.6
43817.72222,0,3.6,64.2,19.1,100,4.6
43817.72569,0,3.6,64.2,18.9,100,4.6
43817.72917,0,3.6,63.7,19.2,100,4.6
43817.73264,0,3.6,63.1,19.4,100,4.6
43817.73611,0,3.6,62.6,19.4,100,4.6
43817.73958,0,3.6,62.3,19.3,100,4.6
43817.74306,0,3.6,62.2,19.3,100,4.6
43817.74653,0,3.6,62.3,19.3,100,4.6
43817.75,0,3.6,62.2,19.3,100,4.6
43817.75347,0,3.6,61.8,19.4,100,4.6
43817.75694,0,3.6,61.4,19.6,100,4.6
43817.76042,0,3.6,61.2,19.5,100,4.6
43817.76389,0,3.6,61.1,19.4,110,4.6
43817.76736,0,3.6,60.4,19.9,110,4.6
43817.77083,0,3.6,59.6,20.2,0,4.6
43817.77431,0,3.6,59.2,20.2,0,4.6
43817.77778,0,3.6,60.4,17.4,0,4.6
43817.78125,0,3.6,62.7,15.9,0,4.6
43817.78472,0,3.6,63.5,15.5,0,4.6
43817.78819,0,3.7,63.5,15,0,4.6
43817.79167,0,3.7,63.7,14.8,0,4.6
43817.79514,0,3.7,63.7,14.7,0,4.6
43817.79861,0,3.7,64.1,14.2,0,4.6
43817.80208,0,3.7,64.6,14.1,0,4.6
43817.80556,0,3.7,64.9,13.8,0,4.6
43817.80903,0,3.7,65.5,13.8,0,4.6
43817.8125,0,3.7,65.4,13.7,0,4.6
43817.81597,0,3.7,65.5,13.8,0,4.6
43817.81944,0,3.7,66.1,13.6,0,4.6
43817.82292,0,3.7,66.5,13.6,0,4.6
43817.82639,0,3.7,67.2,13.5,0,4.6
43817.82986,0,3.7,67.7,13.5,0,4.6
43817.83333,0,3.7,68.2,13.3,0,4.6
43817.83681,0,3.7,69.1,13.2,0,4.6
43817.84028,0,3.7,69.3,13.2,0,4.6
43817.84375,0,3.8,69.9,13.3,0,4.6
43817.84722,0,3.7,70.6,13.3,0,4.6
43817.85069,0,3.7,71.3,13.3,0,4.6
43817.85417,0,3.8,72,13.1,0,4.6
43817.85764,0,3.7,72.6,13,0,4.6
43817.86111,0,3.7,73.2,13.1,0,4.6
43817.86458,0,3.7,73.7,13,0,4.6
43817.86806,0,3.7,74.3,12.9,0,4.6
43817.87153,0,3.7,74.8,12.7,0,4.6
43817.875,0,3.7,75.4,12.8,0,4.6
43817.87847,0,3.7,76,12.8,0,4.6
43817.88194,0,3.7,76.5,12.4,0,4.6
43817.88542,0,3.7,77.1,12.6,0,4.6
43817.88889,0,3.7,77.5,12.7,0,4.6
43817.89236,0,3.7,77.9,12.6,0,4.6
43817.89583,0,3.7,78.1,12.6,0,4.6
43817.89931,0,3.7,78.2,12.4,0,4.6
43817.90278,0,3.7,78.3,12.6,0,4.6
43817.90625,0,3.7,78.5,12.4,0,4.6
43817.90972,0,3.8,78.6,12.6,0,4.6
43817.91319,0,3.8,78.9,12.5,0,4.6
43817.91667,0,3.8,79.1,12.5,0,4.6
43817.92014,0,3.8,79.5,12.5,0,4.6
43817.92361,0,3.7,79.7,12.4,0,4.6
43817.92708,0,3.7,80.1,12.4,0,4.6
43817.93056,0,3.7,80.2,12.3,0,4.6
43817.93403,0,3.7,80.4,12.3,0,4.6
43817.9375,0,3.7,80.3,12.1,0,4.6
43817.94097,0,3.7,80.4,12.3,0,4.6
43817.94444,0,3.7,80.6,12.3,0,4.6
43817.94792,0,3.8,80.8,12.1,0,4.6
43817.95139,0,3.7,80.8,12.1,0,4.6
43817.95486,0,3.7,80.4,12.2,0,4.6
43817.95833,0,3.7,80.2,12.3,0,4.6
43817.96181,0,3.7,80.2,12.1,0,4.6
43817.96528,0,3.7,80.3,12.2,0,4.6
43817.96875,0,3.7,80.3,12.1,0,4.6
43817.97222,0,3.7,80.4,12.1,0,4.6
43817.97569,0,3.7,80.6,12.1,0,4.6
43817.97917,0,3.7,80.8,11.9,0,4.6
43817.98264,0,3.7,80.9,12.1,0,4.6
43817.98611,0,3.7,80.8,12,0,4.6
43817.98958,0,3.7,80.7,12.1,0,4.6
43817.99306,0,3.7,80.7,12.1,0,4.6
43817.99653,0,3.7,80.9,12.1,1,4.6
43818,0,3.8,80.9,11.9,0,4.6
43818.00347,0,3.7,80.9,12.4,0,4.6
43818.00694,0,3.7,80.1,12.6,0,4.6
43818.01042,0,3.7,79.7,12.9,0,4.6
43818.01389,0,3.7,79.6,12.7,100,4.6
43818.01736,0,3.7,79.8,13.1,100,4.6
43818.02083,0,3.7,78.8,13.6,100,4.6
43818.02431,0,3.7,77.5,14,100,4.6
43818.02778,0,3.7,76.4,14.3,100,4.6
43818.03125,0,3.7,75.8,14.6,100,4.6
43818.03472,0,3.7,75.4,14.7,100,4.6
43818.03819,0,3.7,75.3,14.9,100,4.6
43818.04167,0,3.7,75.3,15.1,100,4.6
43818.04514,0,3.7,75.3,15.1,100,4.6
43818.04861,0,3.7,75.6,15.2,100,4.6
43818.05208,0,3.7,75.8,15.3,100,4.6
43818.05556,0,3.7,76,15.4,100,4.6
43818.05903,0,3.7,76.2,15.5,100,4.6
43818.0625,0,3.7,76.4,15.5,100,4.6
43818.06597,0,3.7,76.6,15.6,100,4.6
43818.06944,0,3.7,76.7,15.6,100,4.6
43818.07292,0,3.7,76.8,15.6,100,4.6
43818.07639,0,3.7,76.8,15.8,100,4.6
43818.07986,0,3.7,76.8,15.8,100,4.6
43818.08333,0,3.7,76.8,15.8,100,4.6
43818.08681,0,3.7,76.8,15.9,100,4.6
43818.09028,0,3.7,76.8,15.9,100,4.6
43818.09375,0,3.7,76.7,16,100,4.6
43818.09722,0,3.7,76.7,15.9,100,4.6
43818.10069,0,3.7,76.8,16.2,100,4.6
43818.10417,0,3.7,76.8,16.3,100,4.6
43818.10764,0,3.7,76.7,16.4,100,4.6
43818.11111,0,3.7,76.7,16.3,100,4.6
43818.11458,0,3.7,76.7,16.3,100,4.6
43818.11806,0,3.7,76.8,16.4,100,4.6
43818.12153,0,3.7,77.1,16.6,100,4.6
43818.125,0,3.7,77.1,16.5,100,4.6
43818.12847,0,3.7,77.1,16.6,100,4.6
43818.13194,0,3.7,77.1,16.6,100,4.6
43818.13542,0,3.7,77.2,16.7,100,4.6
43818.13889,0,3.7,77.2,16.7,100,4.6
43818.14236,0,3.7,77.4,16.7,100,4.6
43818.14583,0,3.7,77.4,16.7,100,4.6
43818.14931,0,3.7,77.4,16.8,100,4.6
43818.15278,0,3.7,77.4,16.8,100,4.6
43818.15625,0,3.7,77.5,16.7,100,4.6
43818.15972,0,3.7,77.6,16.7,100,4.6
43818.16319,0,3.7,77.6,16.9,100,4.6
43818.16667,0,3.7,77.8,16.8,100,4.6
43818.17014,0,3.7,77.8,16.9,100,4.6
43818.17361,0,3.7,78.1,17,100,4.6
43818.17708,0,3.7,77.9,16.9,100,4.6
43818.18056,0,3.7,78,16.9,100,4.6
43818.18403,0,3.7,78.2,16.8,100,4.6
43818.1875,0,3.7,78.1,17,100,4.6
43818.19097,0,3.7,78.2,17,100,4.6
43818.19444,0,3.7,77.9,17.3,100,4.6
43818.19792,0,3.7,76.7,17.6,100,4.6
43818.20139,0,3.7,76,17.7,100,4.6
43818.20486,0,3.7,75.7,17.9,100,4.6
43818.20833,0,3.7,75.3,17.8,100,4.6
43818.21181,0,3.7,75.1,18.2,100,4.6
43818.21528,0,3.7,75.1,18.1,100,4.6
43818.21875,0,3.7,75.1,18.2,100,4.6
43818.22222,0,3.7,75,18.3,100,4.6
43818.22569,0,3.7,75.1,18.3,100,4.6
43818.22917,0,3.7,75,18.2,100,4.6
43818.23264,0,3.7,75.2,18.3,100,4.6
43818.23611,0,3.7,75.4,18.3,100,4.6
43818.23958,0,3.7,75.4,18.4,100,4.6
43818.24306,0,3.7,75.6,18.3,100,4.6
43818.24653,0,3.7,75.7,18.4,100,4.6
43818.25,0,3.7,75.8,18.3,100,4.6
43818.25347,0,3.7,75.9,18.3,100,4.6
43818.25694,0,3.7,76,18.4,100,4.6
43818.26042,0,3.7,76.2,18.4,100,4.6
43818.26389,0,3.7,76.2,18.1,100,4.6
43818.26736,0,3.7,76.2,18.4,100,4.6
43818.27083,0,3.7,76.4,18.2,100,4.6
43818.27431,0,3.7,76.4,18.4,100,4.6
43818.27778,0,3.7,76.5,18.5,100,4.6
43818.28125,0,3.7,76.7,18.3,100,4.6
43818.28472,0,3.7,76.9,18.2,100,4.6
43818.28819,0,3.7,77.1,18.3,100,4.6
43818.29167,0,3.7,77.1,18.2,100,4.6
43818.29514,0,3.7,77.2,18.2,100,4.6
43818.29861,0,3.7,77.3,18.1,100,4.6
43818.30208,0,3.7,77.4,18.2,100,4.6
43818.30556,0,3.7,77.4,18.2,100,4.6
43818.30903,0,3.7,77.9,18.1,100,4.6
43818.3125,0,3.7,78.2,17.9,100,4.6
43818.31597,0,3.7,77.9,18.2,100,4.6
43818.31944,0,3.7,78,17.9,100,4.6
43818.32292,0,3.7,78.6,18.1,100,4.6
43818.32639,0,3.7,79.2,17.9,100,4.6
43818.32986,0,3.7,78.9,18.1,100,4.6
43818.33333,0,3.7,78.7,18,100,4.6
43818.33681,0,3.7,78.4,18.1,100,4.6
43818.34028,0,3.7,78.5,18,100,4.6
43818.34375,0,3.7,78.7,18,100,4.6
43818.34722,0,3.7,78.6,18.1,100,4.6
43818.35069,0,3.7,79,17.9,100,4.6
43818.35417,0,3.7,79,17.9,100,4.6
43818.35764,0,3.7,79.9,18.1,100,4.6
43818.36111,0,3.7,79.3,18.2,100,4.6
43818.36458,0,3.7,79.5,18,100,4.6
43818.36806,0,3.7,79.8,18.1,100,4.6
43818.37153,0,3.7,79.1,18,101,4.6
43818.375,0,3.7,79.9,18,101,4.6
43818.37847,0,3.7,79.9,18.1,102,4.6
43818.38194,0,3.7,79.2,18.1,103,4.6
43818.38542,0,3.7,78.5,18.1,110,4.6
43818.38889,0,3.7,80.5,18,118,4.6
43818.39236,0,3.7,78.9,17.9,123,4.6
43818.39583,0,3.7,77.4,18.1,127,4.6
43818.39931,0,3.7,76.5,18.1,133,4.6
43818.40278,0,3.7,75.5,18.3,140,4.6
43818.40625,0,3.7,75,18.4,144,4.6
43818.40972,0,3.7,75,18.3,155,4.6
43818.41319,0,3.7,75.7,18.3,152,4.6
43818.41667,0,3.7,75.9,18.3,157,4.6
43818.42014,0,3.7,75.9,18.3,155,4.6
43818.42361,0,3.7,75.8,18.4,155,4.6
43818.42708,0,3.7,75.7,18.5,161,4.6
43818.43056,0,3.7,75.8,18.7,160,4.6
43818.43403,0,3.7,75.7,18.7,167,4.6
43818.4375,0,3.7,75.9,18.8,167,4.6
43818.44097,0,3.6,75.9,18.9,174,4.6
43818.44444,0,3.6,76,19,186,4.6
43818.44792,0,3.6,76.1,19.1,189,4.6
43818.45139,0,3.6,75.8,19.1,199,4.6
43818.45486,0,3.6,75.9,19.2,241,4.6
43818.45833,0,3.6,75.2,19.3,224,4.6
43818.46181,0,3.6,74.2,19.1,201,4.6
43818.46528,0,3.6,72.7,19.2,196,4.6
43818.46875,0,3.6,71.8,19.2,214,4.6
43818.47222,0,3.6,71.6,19.2,207,4.6
43818.47569,0,3.6,71.4,19.4,206,4.6
43818.47917,0,3.6,70.6,19.4,210,4.6
43818.48264,0,3.6,68.7,19.2,206,4.6
43818.48611,0,3.6,68.6,19.1,197,4.6
43818.48958,0,3.6,68.5,19.3,202,4.6
43818.49306,0,3.6,67.2,19.3,207,4.6
43818.49653,0,3.6,66,19.4,203,4.6
43818.5,0,3.6,65.1,19.2,205,4.6
43818.50347,0,3.6,64.2,19.4,209,4.6
43818.50694,0,3.6,63.6,19.2,221,4.6
43818.51042,0,3.6,62.8,19.6,247,4.6
43818.51389,0,3.6,61.4,19.9,344,4.6
43818.51736,0,3.6,59.8,19.8,283,4.6
43818.52083,0,3.6,58.8,19.8,275,4.6
43818.52431,0,3.6,58,19.5,240,4.6
43818.52778,0,3.6,57.8,19.4,228,4.6
43818.53125,0,3.6,57.8,19.4,271,4.6
43818.53472,0,3.6,57,19.6,253,4.6
43818.53819,0,3.6,56.9,19.8,231,4.6
43818.54167,0,3.6,57,19.9,214,4.6
43818.54514,0,3.6,57.4,19.8,206,4.6
43818.54861,0,3.6,57.9,19.6,207,4.6
43818.55208,0,3.6,57.9,19.4,211,4.6
43818.55556,0,3.6,58.5,19.5,209,4.6
43818.55903,0,3.6,58.4,19.5,214,4.6
43818.5625,0,3.6,58.4,19.6,221,4.6
43818.56597,0,3.6,58.2,19.6,203,4.6
43818.56944,0,3.6,58.2,19.4,193,4.6
43818.57292,0,3.6,58.3,19.5,185,4.6
43818.57639,0,3.6,58.4,19.2,166,4.6
43818.57986,0,3.6,58.7,19.4,154,4.6
43818.58333,0,3.6,59.3,19.5,145,4.6
43818.58681,0,3.6,59.4,19.6,133,4.6
43818.59028,0,3.6,60,19.3,125,4.6
43818.59375,0,3.6,60.6,19.1,122,4.6
43818.59722,0,3.6,61.6,19.1,122,4.6
43818.60069,0,3.6,62.2,19.2,129,4.6
43818.60417,0,3.6,63,19.2,130,4.6
43818.60764,0,3.6,63.7,19.1,130,4.6
43818.61111,0,3.6,64.4,19.2,130,4.6
43818.61458,0,3.6,65.2,19,128,4.6
43818.61806,0,3.6,66.3,19.1,122,4.6
43818.62153,0,3.6,67.3,19.1,121,4.6
43818.625,0,3.7,68.4,18.9,122,4.6
43818.62847,0,3.6,69,18.8,124,4.6
43818.63194,0,3.7,69.8,18.8,120,4.6
43818.63542,0,3.7,70.5,18.6,119,4.6
43818.63889,0,3.6,71.4,18.7,118,4.6
43818.64236,0,3.6,71.9,18.5,114,4.6
43818.64583,0,3.7,72.6,18.5,107,4.6
43818.64931,0,3.7,72.4,18.4,107,4.6
43818.65278,0,3.7,72.9,18.3,105,4.6
43818.65625,0,3.7,73.4,18.2,103,4.6
43818.65972,0,3.7,73.9,18,103,4.6
43818.66319,0,3.7,74.4,18.1,103,4.6
43818.66667,0,3.7,74.9,17.9,103,4.6
43818.67014,0,3.6,75.3,18,100,4.6
43818.67361,0,3.7,75.6,17.8,100,4.6
43818.67708,0,3.7,75.9,17.7,100,4.6
43818.68056,0,3.7,76.2,17.8,100,4.6
43818.68403,0,3.7,76.4,17.6,100,4.6
43818.6875,0,3.7,76.5,17.7,100,4.6
43818.69097,0,3.7,76.6,17.9,100,4.6
43818.69444,0,3.7,76.5,17.7,100,4.6
43818.69792,0,3.7,76.4,17.9,100,4.6
43818.70139,0,3.7,76,17.9,100,4.6
43818.70486,0,3.7,75.9,17.9,100,4.6
43818.70833,0,3.7,76,17.9,100,4.6
43818.71181,0,3.7,76,17.9,100,4.6
43818.71528,0,3.7,76,17.9,100,4.6
43818.71875,0,3.7,76,17.9,100,4.6
43818.72222,0,3.7,76.1,17.9,100,4.6
43818.72569,0,3.7,76.2,17.8,100,4.6
43818.72917,0,3.7,76.3,17.8,100,4.6
43818.73264,0,3.7,76.4,17.7,100,4.6
43818.73611,0,3.7,76.4,17.6,100,4.6
43818.73958,0,3.7,76.4,17.8,100,4.6
43818.74306,0,3.7,76.2,17.8,100,4.6
43818.74653,0,3.7,76.1,18,100,4.6
43818.75,0,3.6,76,18,100,4.6
43818.75347,0,3.7,76,18,100,4.6
43818.75694,0,3.7,76.1,18,100,4.6
43818.76042,0,3.7,76.2,17.9,100,4.6
43818.76389,0,3.7,76.2,17.9,100,4.6
43818.76736,0,3.7,76.2,17.8,100,4.6
43818.77083,0,3.7,76.3,17.8,0,4.6
43818.77431,0,3.7,75.7,16.8,0,4.6
43818.77778,0,3.7,77,16.2,0,4.6
43818.78125,0,3.7,77.1,15.5,0,4.6
43818.78472,0,3.7,77.5,14.5,0,4.6
43818.78819,0,3.7,77.5,14.3,0,4.6
43818.79167,0,3.7,77.2,14,0,4.6
43818.79514,0,3.7,77.1,13.8,0,4.6
43818.79861,0,3.7,76.9,14,0,4.6
43818.80208,0,3.7,76.6,14.1,0,4.6
43818.80556,0,3.7,76.5,13.8,0,4.6
43818.80903,0,3.7,76.4,13.9,0,4.6
43818.8125,0,3.7,76.2,13.8,0,4.6
43818.81597,0,3.7,76.2,13.7,0,4.6
43818.81944,0,3.7,76.8,13.8,0,4.6
43818.82292,0,3.7,76.9,13.8,0,4.6
43818.82639,0,3.7,77,13.8,0,4.6
43818.82986,0,3.7,76.9,13.7,0,4.6
43818.83333,0,3.7,76.6,13.7,0,4.6
43818.83681,0,3.7,76.6,13.7,0,4.6
43818.84028,0,3.7,76.6,13.7,0,4.6
43818.84375,0,3.7,76.8,13.6,0,4.6
43818.84722,0,3.7,76.8,13.5,0,4.6
43818.85069,0,3.7,76.6,13.5,0,4.6
43818.85417,0,3.7,76.2,13.6,0,4.6
43818.85764,0,3.7,75.7,13.6,0,4.6
43818.86111,0,3.7,75.5,13.7,0,4.6
43818.86458,0,3.7,75.2,13.6,0,4.6
43818.86806,0,3.7,74.8,13.5,0,4.6
43818.87153,0,3.7,74.7,13.7,0,4.6
43818.875,0,3.7,75,13.5,0,4.6
43818.87847,0,3.7,75.5,13.4,0,4.6
43818.88194,0,3.7,75.7,13.4,0,4.6
43818.88542,0,3.7,76.1,13.4,0,4.6
43818.88889,0,3.7,76.3,13.4,0,4.6
43818.89236,0,3.7,76.7,13.4,0,4.6
43818.89583,0,3.7,77.3,13.2,0,4.6
43818.89931,0,3.7,77.8,13.2,0,4.6
43818.90278,0,3.7,78.3,13.2,0,4.6
43818.90625,0,3.7,78.7,13.3,0,4.6
43818.90972,0,3.7,78.9,13.3,0,4.6
43818.91319,0,3.7,79.1,13.3,0,4.6
43818.91667,0,3.7,79.3,13.4,0,4.6
43818.92014,0,3.7,79.6,13.5,0,4.6
43818.92361,0,3.7,79.9,13.5,0,4.6
43818.92708,0,3.7,80.4,13.2,0,4.6
43818.93056,0,3.7,81,13.3,0,4.6
43818.93403,0,3.7,81.5,13.2,0,4.6
43818.9375,0,3.7,82.1,13.3,0,4.6
43818.94097,0,3.7,82.7,13.2,0,4.6
43818.94444,0,3.7,83.3,13,0,4.6
43818.94792,0,3.7,83.9,13.1,0,4.6
43818.95139,0,3.7,84.3,12.9,0,4.6
43818.95486,0,3.7,84.8,13,0,4.6
43818.95833,0,3.7,85.3,12.9,0,4.6
43818.96181,0,3.7,85.6,12.9,0,4.6
43818.96528,0,3.7,86,13.2,0,4.6
43818.96875,0,3.7,86.2,12.9,0,4.6
43818.97222,0,3.7,86.4,13.1,0,4.6
43818.97569,0,3.7,86.5,13,0,4.6
43818.97917,0,3.7,86.8,13,0,4.6
43818.98264,0,3.7,87,12.9,0,4.6
43818.98611,0,3.7,87.2,12.9,0,4.6
43818.98958,0,3.7,87.3,13.1,0,4.6
43818.99306,0,3.7,87.5,13.1,0,4.6
43818.99653,0,3.7,87.5,13.1,0,4.6
43819,0,3.7,87.4,13,0,4.6
43819.00347,0,3.7,87.7,13.1,0,4.6
43819.00694,0,3.7,87.3,13.3,0,4.6
43819.01042,0,3.7,86.9,13.2,100,4.6
43819.01389,0,3.7,86.2,13.5,100,4.6
43819.01736,0,3.7,85.5,14,100,4.6
43819.02083,0,3.7,83.9,14,100,4.6
43819.02431,0,3.7,82.2,14.6,100,4.6
43819.02778,0,3.7,80.6,14.7,100,4.6
43819.03125,0,3.7,79.5,14.6,100,4.6
43819.03472,0,3.7,78.6,14.9,100,4.6
43819.03819,0,3.7,78,14.9,100,4.6
43819.04167,0,3.7,77.6,15,100,4.6
43819.04514,0,3.7,77.3,15.1,100,4.6
43819.04861,0,3.7,76.7,15.1,100,4.6
43819.05208,0,3.7,76.7,15.1,100,4.6
43819.05556,0,3.7,76.3,15.3,100,4.6
43819.05903,0,3.7,75.9,15.4,100,4.6
43819.0625,0,3.7,75.3,15.4,100,4.6
43819.06597,0,3.7,74.8,15.5,100,4.6
43819.06944,0,3.7,74.4,15.6,100,4.6
43819.07292,0,3.7,73.9,15.5,100,4.6
43819.07639,0,3.7,73.5,15.7,100,4.6
43819.07986,0,3.7,72.8,15.7,100,4.6
43819.08333,0,3.7,72.5,15.8,100,4.6
43819.08681,0,3.7,72.4,15.9,100,4.6
43819.09028,0,3.7,72.2,15.9,100,4.6
43819.09375,0,3.7,72.2,15.9,100,4.6
43819.09722,0,3.7,71.6,16,100,4.6
43819.10069,0,3.7,71.8,16,100,4.6
43819.10417,0,3.7,71.8,16.2,100,4.6
43819.10764,0,3.7,71.9,16.4,100,4.6
43819.11111,0,3.7,71.9,16.5,100,4.6
43819.11458,0,3.7,71.9,16.5,100,4.6
43819.11806,0,3.7,71.8,16.3,100,4.6
43819.12153,0,3.7,71.9,16.5,100,4.6
43819.125,0,3.7,72.1,16.7,100,4.6
43819.12847,0,3.7,72.1,16.8,100,4.6
43819.13194,0,3.7,72.2,16.7,100,4.6
43819.13542,0,3.7,73.2,16.9,100,4.6
43819.13889,0,3.7,73.7,16.8,100,4.6
43819.14236,0,3.7,73.5,16.8,100,4.6
43819.14583,0,3.7,74,16.9,100,4.6
43819.14931,0,3.7,74,17.1,100,4.6
43819.15278,0,3.7,74.4,17,100,4.6
43819.15625,0,3.7,74.8,17.2,100,4.6
43819.15972,0,3.7,75.1,17.2,100,4.6
43819.16319,0,3.7,75.5,17,100,4.6
43819.16667,0,3.7,75.6,17.3,100,4.6
43819.17014,0,3.7,76.2,17.2,100,4.6
43819.17361,0,3.7,76.6,17.2,100,4.6
43819.17708,0,3.7,76.8,17.3,100,4.6
43819.18056,0,3.7,77.1,17.2,100,4.6
43819.18403,0,3.7,77.3,17.3,100,4.6
43819.1875,0,3.7,77.6,17.2,100,4.6
43819.19097,0,3.7,77.7,17.2,100,4.6
43819.19444,0,3.7,78.1,17.2,100,4.6
43819.19792,0,3.7,78.5,17.2,100,4.6
43819.20139,0,3.7,78.6,17.3,100,4.6
43819.20486,0,3.7,78,17.5,100,4.6
43819.20833,0,3.7,76.2,17.9,100,4.6
43819.21181,0,3.7,74.6,18.4,100,4.6
43819.21528,0,3.7,73.9,18.3,100,4.6
43819.21875,0,3.6,73.5,18.5,100,4.6
43819.22222,0,3.7,73.4,18.5,100,4.6
43819.22569,0,3.7,73.3,18.7,100,4.6
43819.22917,0,3.7,73.4,18.8,100,4.6
43819.23264,0,3.7,73.6,18.6,100,4.6
43819.23611,0,3.7,73.7,18.8,100,4.6
43819.23958,0,3.7,73.6,18.8,100,4.6
43819.24306,0,3.7,73.9,18.8,100,4.6
43819.24653,0,3.7,74.1,18.9,100,4.6
43819.25,0,3.7,74.1,18.9,100,4.6
43819.25347,0,3.7,74.4,18.8,100,4.6
43819.25694,0,3.7,74.4,18.9,100,4.6
43819.26042,0,3.7,74.6,19,100,4.6
43819.26389,0,3.7,74.7,18.9,100,4.6
43819.26736,0,3.7,75,18.7,100,4.6
43819.27083,0,3.7,75.2,18.8,100,4.6
43819.27431,0,3.7,75.5,18.8,100,4.6
43819.27778,0,3.7,75.7,18.7,100,4.6
43819.28125,0,3.7,75.7,18.7,100,4.6
43819.28472,0,3.7,75.7,18.8,100,4.6
43819.28819,0,3.7,76.1,18.6,100,4.6
43819.29167,0,3.7,76.2,18.5,100,4.6
43819.29514,0,3.7,76.2,18.6,100,4.6
43819.29861,0,3.7,76.3,18.6,100,4.6
43819.30208,0,3.7,76.3,18.5,100,4.6
43819.30556,0,3.7,76.5,18.5,100,4.6
43819.30903,0,3.7,76.8,18.3,100,4.6
43819.3125,0,3.7,76.9,18.4,100,4.6
43819.31597,0,3.7,76.9,18.5,100,4.6
43819.31944,0,3.7,77.1,18.4,100,4.6
43819.32292,0,3.7,77.4,18.4,100,4.6
43819.32639,0,3.7,77.3,18.4,100,4.6
43819.32986,0,3.7,77.5,18.2,100,4.6
43819.33333,0,3.7,77.6,18.2,100,4.6
43819.33681,0,3.7,77.7,18.3,100,4.6
43819.34028,0,3.7,77.8,18.1,100,4.6
43819.34375,0,3.7,77.9,18.2,100,4.6
43819.34722,0,3.7,77.8,18.4,100,4.6
43819.35069,0,3.7,78,18.1,100,4.6
43819.35417,0,3.7,78.2,18.2,100,4.6
43819.35764,0,3.7,78.2,18,100,4.6
43819.36111,0,3.7,78.4,18,100,4.6
43819.36458,0,3.7,78.3,18.1,100,4.6
43819.36806,0,3.7,78.4,18,100,4.6
43819.37153,0,3.7,78.6,17.9,100,4.6
43819.375,0,3.7,78.6,17.9,100,4.6
43819.37847,0,3.7,77.9,17.9,100,4.6
43819.38194,0,3.7,75.7,18.4,100,4.6
43819.38542,0,3.7,73.8,18.5,102,4.6
43819.38889,0,3.7,74,18.2,103,4.6
43819.39236,0,3.7,74.3,18.1,106,4.6
43819.39583,0,3.7,74.3,18.1,107,4.6
43819.39931,0,3.7,74,18,108,4.6
43819.40278,0,3.7,73.9,18.1,111,4.6
43819.40625,0,3.7,73.8,18,114,4.6
43819.40972,0,3.7,73.8,18,115,4.6
43819.41319,0,3.7,73.8,17.8,118,4.6
43819.41667,0,3.7,73.4,18.1,122,4.6
43819.42014,0,3.7,71.5,18.8,126,4.6
43819.42361,0,3.6,69.3,19.5,132,4.6
43819.42708,0,3.6,67.6,20,137,4.6
43819.43056,0,3.6,66.7,20.2,139,4.6
43819.43403,0,3.6,66,20.5,132,4.6
43819.4375,0,3.6,65.4,20.6,130,4.6
43819.44097,0,3.6,65,20.8,133,4.6
43819.44444,0,3.6,64.8,21,134,4.6
43819.44792,0,3.6,64.5,21.1,141,4.6
43819.45139,0,3.6,64.1,21.2,136,4.6
43819.45486,0,3.6,63.8,21.4,134,4.6
43819.45833,0,3.6,63.4,21.5,121,4.6
43819.46181,0,3.6,63,21.5,136,4.6
43819.46528,0,3.6,62.8,21.6,132,4.6
43819.46875,0,3.6,62.6,21.7,127,4.6
43819.47222,0,3.6,62.5,21.8,126,4.6
43819.47569,0,3.6,62.4,21.8,121,4.6
43819.47917,0,3.6,62.3,22,125,4.6
43819.48264,0.2,3.6,62.2,21.9,126,4.6
43819.48611,0.2,3.6,62.2,22.1,127,4.7
43819.48958,0.2,3.6,62.1,22.2,137,4.7
43819.49306,0.2,3.6,62.3,22.3,135,4.7
43819.49653,0.6,3.6,62.5,22.3,138,4.7
43819.5,0.6,3.6,62.9,22.3,128,4.7
43819.50347,0.6,3.6,62.9,22.5,130,4.7
43819.50694,0.6,3.6,62.9,22.5,149,4.7
43819.51042,0.6,3.6,62.7,22.6,131,4.7
43819.51389,0.6,3.6,62.9,22.6,129,4.6
43819.51736,0.6,3.6,63.2,22.5,138,4.6
43819.52083,0.6,3.6,63.4,22.6,133,4.6
43819.52431,0.6,3.6,63.7,22.6,146,4.6
43819.52778,0.6,3.6,63.7,22.6,130,4.6
43819.53125,0.6,3.6,64.3,22.4,130,4.6
43819.53472,0.6,3.6,64.8,22.5,118,4.6
43819.53819,0.6,3.6,65.4,22.4,112,4.6
43819.54167,0.6,3.6,65.8,22.1,142,4.6
43819.54514,0.6,3.6,66.1,22.1,135,4.6
43819.54861,0.6,3.6,66.4,21.7,125,4.6
43819.55208,0.6,3.6,66.8,21.8,151,4.6
43819.55556,0.6,3.6,66.8,21.9,151,4.6
43819.55903,0.6,3.6,66.5,21.9,139,4.6
43819.5625,0.6,3.6,66.8,21.8,123,4.6
43819.56597,0.6,3.6,67.1,21.6,123,4.6
43819.56944,0.6,3.6,66.8,21.7,119,4.6
43819.57292,0.6,3.6,66.4,21.8,125,4.6
43819.57639,0.6,3.6,65.9,22,138,4.6
43819.57986,0.6,3.6,65.8,22.1,151,4.6
43819.58333,0.6,3.6,66.2,22.1,201,4.6
43819.58681,0.6,3.6,66.1,22.4,190,4.6
43819.59028,0.6,3.6,66.3,22.4,170,4.6
43819.59375,0.6,3.6,66.7,22.5,139,4.6
43819.59722,0.6,3.6,67,22.5,111,4.6
43819.60069,0.6,3.6,67.3,22.1,111,4.6
43819.60417,0.6,3.6,67.7,21.6,118,4.6
43819.60764,0.6,3.6,67.9,21.1,115,4.6
43819.61111,0.6,3.6,67.4,20.7,113,4.6
43819.61458,0.6,3.6,66.8,20.5,116,4.6
43819.61806,0.6,3.6,66.2,20.7,129,4.6
43819.62153,0.6,3.6,65.2,20.9,131,4.6
43819.625,0.6,3.6,64,21.3,165,4.6
43819.62847,0.6,3.6,62.9,21.6,151,4.6
43819.63194,0.6,3.6,62.3,21.9,125,4.6
43819.63542,0.6,3.6,59.9,23.2,109,4.6
43819.63889,0.6,3.6,57.1,24.2,101,4.6
43819.64236,0.6,3.6,55.1,24.9,101,4.6
43819.64583,0.6,3.6,54.1,25.1,100,4.6
43819.64931,0.6,3.6,53.3,25.3,100,4.6
43819.65278,0.6,3.6,52.7,25.4,100,4.6
43819.65625,0.6,3.6,52.4,25.1,101,4.6
43819.65972,0.6,3.5,51.9,24.5,101,4.6
43819.66319,0.6,3.5,51.3,23.5,101,4.6
43819.66667,0.6,3.5,50.8,22.9,103,4.6
43819.67014,0.6,3.6,54.2,21.8,110,4.6
43819.67361,0.6,3.6,59.6,22,109,4.6
43819.67708,0.6,3.6,58.7,22.2,108,4.6
43819.68056,0.6,3.6,58.1,22.3,103,4.6
43819.68403,0.6,3.6,57.6,22.3,100,4.6
43819.6875,0.6,3.6,57.3,22.2,0,4.6
43819.69097,0.6,3.6,60.3,21.9,0,4.6
43819.69444,0.6,3.6,60.7,21.7,0,4.6
43819.69792,0.6,3.6,61.1,21.4,0,4.6
43819.70139,0.6,3.6,61.9,21.5,0,4.6
43819.70486,0.6,3.6,62.6,21.4,0,4.6
43819.70833,0.6,3.6,63.7,21.3,0,4.6
43819.71181,0.6,3.6,64.7,21.1,0,4.6
43819.71528,0.6,3.6,65.5,20.9,0,4.6
43819.71875,0.6,3.6,66.5,20.7,0,4.6
43819.72222,0.6,3.6,67.3,20.7,0,4.6
43819.72569,0.6,3.6,68.3,20.3,0,4.6
43819.72917,0.6,3.6,69.1,20.1,0,4.6
43819.73264,0.6,3.6,69.9,19.9,0,4.6
43819.73611,0.6,3.6,70.7,19.8,0,4.6
43819.73958,0.6,3.6,71.4,19.3,0,4.6
43819.74306,0.6,3.6,72.1,19.4,0,4.6
43819.74653,0.6,3.6,72.9,19.2,0,4.6
43819.75,0.6,3.6,73.4,19.1,0,4.6
43819.75347,0.6,3.6,73.9,18.7,0,4.6
43819.75694,0.6,3.6,74.1,18.5,0,4.6
43819.76042,0.6,3.6,74.5,18.2,0,4.6
43819.76389,0.6,3.6,74.3,18.6,0,4.6
43819.76736,0.6,3.6,73.4,18.7,0,4.6
43819.77083,0.6,3.6,73.2,18.8,0,4.6
43819.77431,0.6,3.6,73.3,18.8,0,4.6
43819.77778,0.6,3.6,73.8,18.7,0,4.6
43819.78125,0.6,3.7,74.3,18.7,0,4.6
43819.78472,0.6,3.6,74.8,18.4,0,4.6
43819.78819,0.6,3.6,75.3,18.2,0,4.6
43819.79167,0.6,3.6,75.8,18,0,4.6
43819.79514,0.6,3.6,76.2,17.8,0,4.6
43819.79861,0.6,3.7,76.7,17.9,0,4.6
43819.80208,0.6,3.7,77.1,17.7,0,4.6
43819.80556,0.6,3.7,77.5,17.7,0,4.6
43819.80903,0.6,3.6,77.7,17.5,0,4.6
43819.8125,0.6,3.6,78.1,17.4,0,4.6
43819.81597,0.6,3.7,78.2,17.4,0,4.6
43819.81944,0.6,3.7,78.1,17.5,0,4.6
43819.82292,0.6,3.7,77.6,17.5,0,4.6
43819.82639,0.6,3.7,77.2,17.7,0,4.6
43819.82986,0.6,3.7,76.7,17.5,0,4.6
43819.83333,0.6,3.7,76.5,17.6,0,4.6
43819.83681,0.6,3.7,76.6,17.7,0,4.6
43819.84028,0.6,3.6,76.4,17.4,0,4.6
43819.84375,0.6,3.7,76.1,17.7,0,4.6
43819.84722,0.6,3.7,75.9,17.8,0,4.6
43819.85069,0.6,3.7,75.3,17.8,0,4.6
43819.85417,0.6,3.7,75.3,17.7,0,4.6
43819.85764,0.6,3.7,75.5,17.8,0,4.6
43819.86111,0.6,3.7,75.5,17.7,0,4.6
43819.86458,0.6,3.7,75.8,17.7,0,4.6
43819.86806,0.6,3.7,75.6,17.8,0,4.6
43819.87153,0.6,3.7,74.8,18,0,4.6
43819.875,0.6,3.6,74.6,18.1,0,4.7
43819.87847,0.6,3.7,74.3,18,0,4.6
43819.88194,0.6,3.6,74.4,17.9,0,4.6
43819.88542,0.6,3.7,74.7,17.9,0,4.7
43819.88889,0.6,3.7,74.8,17.9,0,4.7
43819.89236,0.6,3.7,74.9,17.9,0,4.7
43819.89583,0.6,3.7,74.5,17.8,0,4.6
43819.89931,0.6,3.7,74.7,17.8,0,4.6
43819.90278,0.6,3.7,74.6,17.7,0,4.6
43819.90625,0.6,3.7,74.8,17.7,0,4.7
43819.90972,0.6,3.7,74.9,18,0,4.7
43819.91319,0.6,3.7,74.3,18,0,4.7
43819.91667,0.6,3.6,74.2,17.8,0,4.7
43819.92014,0.6,3.7,74.2,18.1,0,4.7
43819.92361,0.6,3.7,74.4,17.9,0,4.7
43819.92708,0.6,3.7,74.7,17.9,0,4.7
43819.93056,0.6,3.7,74.2,18,0,4.7
43819.93403,0.6,3.6,74.3,18,0,4.7
43819.9375,0.6,3.7,73.9,18.1,0,4.7
43819.94097,0.6,3.6,73.8,18.1,0,4.7
43819.94444,0.6,3.6,73.9,18.1,0,4.7
43819.94792,0.6,3.6,74.1,17.9,0,4.7
43819.95139,0.6,3.6,74.4,17.9,0,4.7
43819.95486,0.6,3.6,74.7,17.9,0,4.7
43819.95833,0.6,3.6,74.6,18,0,4.7
43819.96181,1,3.6,74.2,18,0,4.7
43819.96528,1,3.6,74.6,17.9,0,4.7
43819.96875,1,3.7,74.7,18.1,0,4.7
43819.97222,1,3.6,74.8,17.9,0,4.7
43819.97569,1,3.6,75.2,18.1,0,4.7
43819.97917,1,3.6,75.4,18,0,4.7
43819.98264,1,3.6,75.3,18.2,0,4.7
43819.98611,1,3.6,75.1,18,0,4.7
43819.98958,1,3.6,75.6,18,0,4.7
43819.99306,1,3.6,75.6,17.8,0,4.7
43819.99653,1,3.6,76.2,17.9,0,4.7
43820,1,3.6,76.2,17.8,100,4.7
43820.00347,1,3.6,76.1,17.9,100,4.7
43820.00694,1,3.6,74.9,18.4,100,4.7
43820.01042,1,3.6,73.2,18.7,100,4.7
43820.01389,1,3.6,72.6,19,100,4.7
43820.01736,1,3.6,72.4,19,100,4.7
43820.02083,1,3.6,72.5,19.2,100,4.7
43820.02431,1,3.6,72.9,19.1,100,4.7
43820.02778,1,3.6,73.7,19.2,100,4.7
43820.03125,1,3.6,74.1,19.1,100,4.7
43820.03472,1,3.6,74.5,19.1,100,4.7
43820.03819,1,3.6,75,19.1,100,4.7
43820.04167,1,3.6,75.1,19,100,4.7
43820.04514,1,3.6,75.4,19.1,100,4.7
43820.04861,1,3.6,75.2,19,100,4.7
43820.05208,1,3.6,74.9,19.3,100,4.7
43820.05556,1,3.6,74.6,19.3,100,4.7
43820.05903,1,3.6,74.7,19.2,100,4.7
43820.0625,1,3.6,75,19.1,100,4.7
43820.06597,1,3.6,75,19.2,100,4.7
43820.06944,1,3.6,75,19.1,100,4.7
43820.07292,1,3.6,75,19.1,100,4.7
43820.07639,1,3.6,74.9,19.2,100,4.7
43820.07986,1,3.6,75,19.4,100,4.7
43820.08333,1,3.6,74.8,19.3,100,4.7
43820.08681,0,3.6,74.8,19.4,100,4.7
43820.09028,0,3.6,74.7,19.4,100,4.7
43820.09375,0,3.6,74.9,19.1,100,4.7
43820.09722,0,3.6,74.9,19.2,100,4.7
43820.10069,0,3.6,75,19.1,100,4.7
43820.10417,0,3.6,74.8,19.2,100,4.7
43820.10764,0,3.6,74.7,19.2,100,4.7
43820.11111,0,3.6,74.7,19.3,100,4.7
43820.11458,0,3.6,75,19.1,100,4.7
43820.11806,0,3.6,75.2,19,100,4.7
43820.12153,0,3.6,75,19.2,100,4.7
43820.125,0,3.6,75.1,19.1,100,4.7
43820.12847,0,3.6,75.2,19.2,100,4.7
43820.13194,0,3.6,75.2,19.1,100,4.7
43820.13542,0,3.6,75.5,19.1,100,4.7
43820.13889,0,3.6,75.5,19.2,100,4.7
43820.14236,0,3.6,75.6,19.2,100,4.7
43820.14583,0,3.6,75.4,19.2,100,4.7
43820.14931,0,3.6,75.3,19.2,100,4.7
43820.15278,0,3.6,75.5,19.1,100,4.7
43820.15625,0,3.6,75.4,19.1,100,4.7
43820.15972,0,3.6,75.4,19.3,100,4.7
43820.16319,0,3.6,75.3,19.3,100,4.7
43820.16667,0,3.6,75.2,19.3,100,4.7
43820.17014,0,3.6,75.3,19.2,100,4.7
43820.17361,0,3.6,75.4,19.2,100,4.7
43820.17708,0,3.6,75.6,19.1,100,4.7
43820.18056,0,3.6,75,19.3,100,4.7
43820.18403,0,3.6,75,19.1,100,4.7
43820.1875,0,3.6,75.2,19.3,100,4.7
43820.19097,0,3.6,75.3,19.3,100,4.7
43820.19444,0,3.6,75.4,19.2,100,4.7
43820.19792,0,3.6,75.3,19.3,100,4.7
43820.20139,0,3.6,75.3,19.3,100,4.7
43820.20486,0,3.6,75.2,19.3,100,4.7
43820.20833,0,3.6,75.4,19.1,100,4.7
43820.21181,0,3.6,75.4,19.2,100,4.7
43820.21528,0,3.6,75.6,19.1,100,4.7
43820.21875,0,3.6,75.8,19.2,100,4.7
43820.22222,0,3.6,75.8,19.2,100,4.7
43820.22569,0,3.6,75.4,19.3,100,4.7
43820.22917,0,3.6,75.6,19.4,100,4.7
43820.23264,0,3.6,75.4,19.3,100,4.7
43820.23611,0,3.6,75.5,19.2,100,4.7
43820.23958,0,3.6,75.9,19.1,100,4.7
43820.24306,0,3.6,75.5,19.2,100,4.7
43820.24653,0,3.6,75.8,19.2,100,4.7
43820.25,0,3.6,75.7,19.1,100,4.7
43820.25347,0,3.6,75.6,19.3,100,4.7
43820.25694,0,3.6,75.7,19.2,100,4.7
43820.26042,0,3.6,75.8,19,100,4.7
43820.26389,0,3.6,75.9,19.2,100,4.7
43820.26736,0,3.7,75.8,19,100,4.7
43820.27083,0,3.6,75.9,19,100,4.7
43820.27431,0,3.6,75.9,19.2,100,4.7
43820.27778,0,3.6,75.4,19.2,100,4.7
43820.28125,0,3.6,74.2,18.6,100,4.7
43820.28472,0,3.6,74,18.2,100,4.7
43820.28819,0,3.6,73.9,18,100,4.7
43820.29167,0,3.6,73.8,18,100,4.7
43820.29514,0,3.6,72.6,18.5,100,4.7
43820.29861,0,3.6,71.1,19,100,4.7
43820.30208,0,3.6,69.7,18.8,100,4.7
43820.30556,0,3.6,69.4,18.7,100,4.7
43820.30903,0,3.6,69.1,18.9,100,4.7
43820.3125,0,3.6,68.6,19.1,100,4.7
43820.31597,0,3.6,68.1,18.9,100,4.7
43820.31944,0,3.6,67.8,19.1,100,4.7
43820.32292,0,3.6,67.6,19,100,4.7
43820.32639,0,3.6,68.3,18.8,100,4.7
43820.32986,0,3.6,68.1,18.9,100,4.7
43820.33333,0,3.6,67.4,19,100,4.7
43820.33681,0,3.6,67.2,19.2,100,4.7
43820.34028,0,3.6,66.9,19.2,100,4.7
43820.34375,0,3.6,66.7,19.1,100,4.7
43820.34722,0,3.6,66.8,19.1,100,4.7
43820.35069,0,3.6,66.8,19.2,100,4.7
43820.35417,0,3.6,66.8,19.2,100,4.7
43820.35764,0,3.6,66.3,19.5,100,4.7
43820.36111,0,3.6,65.5,19.6,100,4.7
43820.36458,0,3.6,65,20,100,4.7
43820.36806,0,3.6,65,20,101,4.7
43820.37153,0,3.6,65.3,19.9,103,4.7
43820.375,0,3.6,65.5,20.2,106,4.7
43820.37847,0,3.6,65.8,20.2,106,4.7
43820.38194,0,3.6,65.9,20.2,106,4.7
43820.38542,0,3.6,65.8,20.4,107,4.7
43820.38889,0,3.6,65.7,20.5,106,4.7
43820.39236,0,3.6,65.6,20.6,109,4.7
43820.39583,0,3.6,65.3,20.7,110,4.7
43820.39931,0,3.6,65.2,20.6,111,4.7
43820.40278,0,3.6,65,20.7,111,4.7
43820.40625,0,3.6,64.6,20.7,114,4.7
43820.40972,0,3.6,64.2,20.5,111,4.7
43820.41319,0,3.6,63.7,20.7,110,4.7
43820.41667,0,3.6,63.2,21,107,4.7
43820.42014,0,3.6,62.9,20.8,115,4.7
43820.42361,0,3.6,62.6,21.3,130,4.7
43820.42708,0,3.6,62.4,21.2,119,4.6
43820.43056,0,3.6,62.5,21.5,119,4.6
43820.43403,0,3.6,60.7,22.5,120,4.6
43820.4375,0,3.6,59.1,23,116,4.7
43820.44097,0,3.6,58.6,23.1,118,4.6
43820.44444,0,3.6,58.3,23,123,4.6
43820.44792,0,3.6,58.1,23.2,129,4.6
43820.45139,0,3.6,58.5,22.9,145,4.7
43820.45486,0,3.6,58.9,23,151,4.6
43820.45833,0,3.6,59.6,23.1,177,4.6
43820.46181,0.4,3.6,60,22.9,174,4.6
43820.46528,0.4,3.6,60.6,23,183,4.6
43820.46875,0.4,3.6,61.1,22.9,173,4.6
43820.47222,0.4,3.6,61.7,22.8,203,4.6
43820.47569,0.4,3.6,62.1,22.8,207,4.6
43820.47917,0.4,3.6,62.4,22.8,190,4.6
43820.48264,0.4,3.6,62.8,22.8,187,4.6
43820.48611,0.4,3.6,63,22.6,228,4.6
43820.48958,0.4,3.6,63.2,22.8,183,4.6
43820.49306,0.4,3.6,63.3,22.7,184,4.6
43820.49653,0.4,3.6,63.4,22.8,182,4.6
43820.5,0.4,3.6,63.5,22.8,179,4.6
43820.50347,0.4,3.6,63.5,22.8,211,4.6
43820.50694,0.4,3.6,63.4,22.7,172,4.6
43820.51042,0.4,3.6,63.4,22.8,188,4.6
43820.51389,0.4,3.6,63.5,22.7,172,4.6
43820.51736,0.4,3.6,63.7,22.6,224,4.6
43820.52083,0.4,3.6,63.6,22.7,155,4.6
43820.52431,0.4,3.6,63.9,22.6,153,4.6
43820.52778,0.4,3.6,64.3,22.3,153,4.6
43820.53125,0.4,3.6,64.2,22.4,176,4.6
43820.53472,0.4,3.6,63.9,22.4,170,4.6
43820.53819,0.4,3.6,63.5,22.3,169,4.6
43820.54167,0.4,3.6,63.3,22.6,150,4.6
43820.54514,0.4,3.6,63.2,22.5,158,4.6
43820.54861,0.4,3.6,63.4,22.5,136,4.6
43820.55208,0.4,3.6,63.4,22.3,137,4.6
43820.55556,0.4,3.6,63,22.4,132,4.6
43820.55903,0.4,3.6,62,22.2,153,4.6
43820.5625,0.4,3.6,60.9,22.4,153,4.6
43820.56597,0.4,3.6,60.3,22.4,141,4.6
43820.56944,0.4,3.6,60,22.2,138,4.6
43820.57292,0.4,3.6,59.8,22.3,132,4.6
43820.57639,0.4,3.6,59.9,22,139,4.6
43820.57986,0.4,3.6,59.9,22.3,136,4.6
43820.58333,0.4,3.6,59.8,22.3,141,4.6
43820.58681,0.4,3.6,59.6,22.5,147,4.6
43820.59028,0.4,3.6,59.8,22.5,139,4.6
43820.59375,0.4,3.6,60.1,22.4,157,4.6
43820.59722,0.4,3.6,60.4,22.5,151,4.6
43820.60069,0.4,3.6,60.6,22.5,156,4.6
43820.60417,0.4,3.6,60.9,22.2,154,4.6
43820.60764,0.4,3.6,61.3,22.3,167,4.6
43820.61111,0.4,3.6,61.7,22.2,153,4.6
43820.61458,0.4,3.6,61.9,22.1,161,4.6
43820.61806,0.4,3.6,62.3,22,141,4.6
43820.62153,0.4,3.6,62.3,22,132,4.6
43820.625,0.4,3.6,62.1,21.9,133,4.6
43820.62847,0.4,3.6,61.7,22,128,4.6
43820.63194,0.4,3.6,61.1,22,125,4.6
43820.63542,0.4,3.6,61,22.1,119,4.6
43820.63889,0.4,3.6,61,22.1,125,4.6
43820.64236,0.4,3.6,61,22.1,118,4.6
43820.64583,0.4,3.6,60.7,22.3,119,4.6
43820.64931,0.4,3.6,60.4,22.3,116,4.6
43820.65278,0.4,3.6,60.6,22.3,117,4.6
43820.65625,0.4,3.6,60.6,22.3,119,4.6
43820.65972,0.4,3.6,60.9,22.3,113,4.6
43820.66319,0.4,3.6,61.2,22,110,4.6
43820.66667,0.4,3.6,61.2,22,109,4.6
43820.67014,0.4,3.6,61.3,22.1,106,4.6
43820.67361,0.4,3.6,61,22,102,4.6
43820.67708,0.4,3.6,60.7,21.8,100,4.6
43820.68056,0.4,3.6,60.9,21.5,100,4.6
43820.68403,0.4,3.6,61.1,21.4,100,4.6
43820.6875,0.4,3.6,61.5,21,0,4.6
43820.69097,0.4,3.6,62.3,20.6,0,4.6
43820.69444,0.4,3.6,62.9,20.5,0,4.6
43820.69792,0.4,3.6,62.2,20.9,0,4.6
43820.70139,0.4,3.6,61.6,21,0,4.6
43820.70486,0.4,3.6,61.4,20.8,0,4.6
43820.70833,0.4,3.6,61.7,20.9,0,4.6
43820.71181,0.4,3.6,62,20.7,0,4.6
43820.71528,0.4,3.6,62.6,20.3,0,4.6
43820.71875,0.4,3.6,63.2,20,0,4.6
43820.72222,0.4,3.6,63.5,19.5,0,4.6
43820.72569,0.4,3.6,64,19.5,0,4.6
43820.72917,0.4,3.6,64.1,19.5,0,4.6
43820.73264,0.4,3.6,63.9,19.5,0,4.6
43820.73611,0.4,3.6,64.3,19.2,0,4.6
43820.73958,0.4,3.6,64.7,19.1,0,4.6
43820.74306,0.4,3.6,65.2,19.1,0,4.6
43820.74653,0.4,3.6,65.9,19,0,4.6
43820.75,0.4,3.6,66.6,18.7,0,4.6
43820.75347,0.4,3.6,67.3,18.5,0,4.6
43820.75694,0.4,3.6,68.2,18.4,0,4.6
43820.76042,0.4,3.6,68.9,18.3,0,4.6
43820.76389,0.4,3.6,68.8,18.6,0,4.6
43820.76736,0.4,3.6,67.6,19,0,4.6
43820.77083,0.4,3.6,67.3,19.1,0,4.6
43820.77431,0.4,3.6,67.5,19,0,4.6
43820.77778,0.4,3.6,67.9,19.1,0,4.6
43820.78125,0.4,3.6,68.6,18.9,0,4.6
43820.78472,0.4,3.6,69.4,18.7,0,4.6
43820.78819,0.4,3.6,70.3,18.5,0,4.6
43820.79167,0.4,3.7,71.2,18.6,0,4.6
43820.79514,0.4,3.7,71.8,18.3,0,4.6
43820.79861,0.4,3.7,72.5,18.4,0,4.6
43820.80208,0.4,3.7,73.2,18.2,0,4.6
43820.80556,0.4,3.7,74,18,0,4.6
43820.80903,0.4,3.7,74.4,17.9,0,4.6
43820.8125,0.4,3.6,74.7,17.9,0,4.6
43820.81597,0.4,3.7,74.8,17.9,0,4.6
43820.81944,0.4,3.7,74.9,18,0,4.6
43820.82292,0.4,3.7,75,17.8,0,4.6
43820.82639,0.4,3.7,75.2,17.8,0,4.6
43820.82986,0.4,3.7,75.5,17.8,0,4.6
43820.83333,0.4,3.7,75.8,17.7,0,4.6
43820.83681,0.4,3.7,76.2,17.6,0,4.6
43820.84028,0.4,3.6,76.3,17.6,0,4.6
43820.84375,0.4,3.7,76.1,17.6,0,4.6
43820.84722,0.4,3.7,75.8,17.6,0,4.6
43820.85069,0.4,3.7,75.9,17.6,0,4.6
43820.85417,0.4,3.7,76.1,17.4,0,4.7
43820.85764,0.4,3.7,76,17.6,0,4.7
43820.86111,0.4,3.7,75.3,17.7,0,4.7
43820.86458,0.4,3.7,74.9,18,0,4.7
43820.86806,0.4,3.7,74.3,18,0,4.7
43820.87153,0.4,3.6,74.3,17.9,0,4.7
43820.875,0.4,3.7,74.4,18,0,4.7
43820.87847,0.4,3.6,74.6,17.8,0,4.7
43820.88194,0.4,3.6,75,17.7,0,4.7
43820.88542,0.4,3.6,75,17.9,0,4.7
43820.88889,0.4,3.7,74.7,17.8,0,4.7
43820.89236,0.4,3.7,74.4,17.9,0,4.7
43820.89583,0.4,3.7,73.9,18,0,4.7
43820.89931,0.4,3.7,73.9,17.9,0,4.7
43820.90278,0.4,3.7,74.3,18,0,4.7
43820.90625,0.4,3.7,74.4,18.1,0,4.7
43820.90972,0.4,3.7,74.4,17.9,0,4.7
43820.91319,0.4,3.7,74.6,18.1,0,4.7
43820.91667,0.4,3.7,73.9,18.1,0,4.7
43820.92014,0.4,3.7,74,18.1,0,4.7
43820.92361,0.4,3.7,74,18,0,4.7
43820.92708,0.4,3.7,74,18.1,0,4.7
43820.93056,0.4,3.7,74.1,18.2,0,4.7
43820.93403,0.4,3.7,74,18.2,0,4.7
43820.9375,0.4,3.6,74.3,18,0,4.7
43820.94097,0.4,3.7,74.5,18.1,0,4.7
43820.94444,0.4,3.6,74.4,18.1,0,4.7
43820.94792,0.4,3.6,74.3,18.2,0,4.7
43820.95139,0.4,3.6,74.2,18.1,0,4.7
43820.95486,0.4,3.6,74.3,18.1,0,4.7
43820.95833,0.4,3.6,74.4,17.9,0,4.7
43820.96181,0.7,3.6,74.2,17.9,0,4.7
43820.96528,0.7,3.6,74.6,17.9,0,4.7
43820.96875,0.7,3.6,74.8,18.1,0,4.7
43820.97222,0.7,3.6,75.1,18.2,0,4.7
43820.97569,0.7,3.7,75.2,18,0,4.7
43820.97917,0.7,3.7,75.7,17.8,0,4.7
43820.98264,0.7,3.7,76,17.8,0,4.7
43820.98611,0.7,3.6,76.2,17.9,0,4.7
43820.98958,0.7,3.7,76,18,0,4.7
43820.99306,0.7,3.7,75.9,18,0,4.7
43820.99653,0.7,3.7,76,18.1,0,4.7
43821,0.7,3.6,75.8,18,100,4.7
43821.00347,0.7,3.6,76.3,18.1,100,4.7
43821.00694,0.7,3.6,75.1,18.5,100,4.7
43821.01042,0.7,3.7,73.8,18.6,100,4.7
43821.01389,0.7,3.6,73.1,18.9,100,4.7
43821.01736,0.7,3.6,73,19.1,100,4.7
43821.02083,0.7,3.6,73.5,19.1,100,4.7
43821.02431,0.7,3.6,73.8,19.1,100,4.7
43821.02778,0.7,3.6,74.3,19.1,100,4.7
43821.03125,0.7,3.6,74.8,19,100,4.7
43821.03472,0.7,3.6,75.1,19,100,4.7
43821.03819,0.7,3.6,75.7,19,100,4.7
43821.04167,0.7,3.6,76,18.9,100,4.7
43821.04514,0.7,3.6,76.3,19.1,100,4.7
43821.04861,0.7,3.6,75.6,19.3,100,4.7
43821.05208,0.7,3.6,75.7,19.2,100,4.7
43821.05556,0.7,3.6,75.7,19.2,100,4.7
43821.05903,0.7,3.6,75.8,19.1,100,4.7
43821.0625,0.7,3.6,76.1,19.2,100,4.7
43821.06597,0.7,3.6,75.9,19.2,100,4.7
43821.06944,0.7,3.6,75.4,19.3,100,4.7
43821.07292,0.7,3.6,75.6,19.3,100,4.7
43821.07639,0.7,3.7,75.7,19.1,100,4.7
43821.07986,0.7,3.6,75.9,19.2,100,4.7
43821.08333,0.7,3.6,75.8,19.4,100,4.7
43821.08681,0,3.6,75.7,19.1,100,4.7
43821.09028,0,3.6,75.4,19.5,100,4.7
43821.09375,0,3.6,75.3,19.1,100,4.7
43821.09722,0,3.6,75.6,19.3,100,4.7
43821.10069,0,3.6,75.8,19.1,100,4.7
43821.10417,0,3.6,76.1,19.3,100,4.7
43821.10764,0,3.6,75.7,19.2,100,4.7
43821.11111,0,3.6,75.4,19.3,100,4.7
43821.11458,0,3.6,75.5,19.3,100,4.7
43821.11806,0,3.6,75.8,19.3,100,4.7
43821.12153,0,3.6,76.1,19.1,100,4.7
43821.125,0,3.6,76.2,19.2,100,4.7
43821.12847,0,3.6,76.1,19.2,100,4.7
43821.13194,0,3.6,75.8,19.2,100,4.7
43821.13542,0,3.6,76.1,19.3,100,4.7
43821.13889,0,3.6,76.1,19.3,100,4.7
43821.14236,0,3.6,76.4,19.2,100,4.7
43821.14583,0,3.7,76.4,19.2,100,4.7
43821.14931,0,3.6,76.2,19.3,100,4.7
43821.15278,0,3.6,76.1,19.2,100,4.7
43821.15625,0,3.6,76.4,19.3,100,4.7
43821.15972,0,3.6,76.5,19.3,100,4.7
43821.16319,0,3.6,76.7,19.3,100,4.7
43821.16667,0,3.6,76.9,19.3,100,4.7
43821.17014,0,3.6,76.7,19.5,100,4.7
43821.17361,0,3.6,76.8,19.5,100,4.7
43821.17708,0,3.6,76.9,19.6,100,4.7
43821.18056,0,3.6,77.1,19.4,100,4.7
43821.18403,0,3.7,77.4,19.6,100,4.7
43821.1875,0,3.6,77.5,19.6,100,4.7
43821.19097,0,3.6,77.2,19.6,100,4.7
43821.19444,0,3.6,77.5,19.6,100,4.7
43821.19792,0,3.6,77.5,19.4,100,4.7
43821.20139,0,3.6,77.5,19.5,100,4.7
43821.20486,0,3.7,77.5,19.5,100,4.7
43821.20833,0,3.6,77.5,19.5,100,4.7
43821.21181,0,3.6,77.6,19.7,100,4.7
43821.21528,0,3.6,77.3,19.8,100,4.7
43821.21875,0,3.6,77.5,19.6,100,4.7
43821.22222,0,3.6,77.6,19.7,100,4.7
43821.22569,0,3.6,77.8,19.6,100,4.7
43821.22917,0,3.6,77.7,19.8,100,4.7
43821.23264,0,3.6,77.5,19.6,100,4.7
43821.23611,0,3.6,77.5,19.7,100,4.7
43821.23958,0,3.6,77.5,19.8,100,4.7
43821.24306,0,3.6,77.5,19.7,100,4.7
43821.24653,0,3.6,77.7,19.7,100,4.7
43821.25,0,3.6,78,19.7,100,4.7
43821.25347,0,3.6,77.8,19.8,100,4.7
43821.25694,0,3.6,77.6,19.8,100,4.7
43821.26042,0,3.6,77.7,19.7,100,4.7
43821.26389,0,3.6,77.7,19.5,100,4.7
43821.26736,0,3.6,77.7,19.6,100,4.7
43821.27083,0,3.6,77.8,19.8,100,4.7
43821.27431,0,3.6,77.9,19.8,100,4.7
43821.27778,0,3.6,77.9,19.7,100,4.7
43821.28125,0,3.6,76.5,19.3,100,4.7
43821.28472,0,3.6,75.5,18.7,100,4.7
43821.28819,0,3.6,75.3,18.6,100,4.7
43821.29167,0,3.6,75.4,18.7,100,4.7
43821.29514,0,3.6,74.7,18.9,100,4.7
43821.29861,0,3.6,73.4,19.6,100,4.7
43821.30208,0,3.6,72.3,19.4,100,4.7
43821.30556,0,3.6,71.9,19.4,100,4.7
43821.30903,0,3.6,71.8,19.5,100,4.7
43821.3125,0,3.6,71.5,19.6,100,4.7
43821.31597,0,3.6,71.2,19.7,100,4.7
43821.31944,0,3.6,71.1,19.9,100,4.7
43821.32292,0,3.6,71,19.7,100,4.7
43821.32639,0,3.6,71.7,19.5,100,4.7
43821.32986,0,3.6,71.7,19.7,100,4.7
43821.33333,0,3.6,71.5,19.7,100,4.7
43821.33681,0,3.6,71.5,20,100,4.7
43821.34028,0,3.6,71,20,100,4.7
43821.34375,0,3.6,70.7,20.1,100,4.7
43821.34722,0,3.6,70.7,20.2,100,4.7
43821.35069,0,3.6,70.8,20.3,100,4.7
43821.35417,0,3.6,70.8,20.2,100,4.7
43821.35764,0,3.6,70.9,20.5,100,4.7
43821.36111,0,3.6,71,20.5,100,4.7
43821.36458,0,3.6,71.2,20.6,100,4.7
43821.36806,0,3.6,71.2,20.6,100,4.7
43821.37153,0,3.6,71.3,20.7,100,4.7
43821.375,0,3.6,71.5,20.7,100,4.7
43821.37847,0,3.6,71.5,20.8,101,4.7
43821.38194,0,3.6,71.2,21,103,4.7
43821.38542,0,3.6,71.3,20.9,104,4.7
43821.38889,0,3.6,71.3,20.9,105,4.7
43821.39236,0,3.6,71.3,21.2,106,4.7
43821.39583,0,3.6,71.3,21.3,106,4.7
43821.39931,0,3.6,71.4,21.4,106,4.7
43821.40278,0,3.6,71.5,21.3,106,4.7
43821.40625,0,3.6,71.6,21.3,106,4.7
43821.40972,0,3.6,71.6,21.3,110,4.7
43821.41319,0,3.6,71.5,21.3,113,4.7
43821.41667,0,3.6,71.5,21.4,114,4.7
43821.42014,0,3.6,71.6,21.5,119,4.7
43821.42361,0,3.6,71.5,21.6,115,4.7
43821.42708,0,3.6,71.3,21.7,113,4.7
43821.43056,0,3.6,71.4,21.8,113,4.7
43821.43403,0,3.6,71.2,21.7,110,4.7
43821.4375,0,3.6,70.7,21.7,113,4.7
43821.44097,0,3.6,70.4,21.7,112,4.7
43821.44444,0,3.6,69.9,21.7,111,4.7
43821.44792,0,3.6,69.7,21.6,111,4.7
43821.45139,0,3.6,69.4,21.6,111,4.7
43821.45486,0,3.6,69,21.7,110,4.7
43821.45833,0,3.6,68.3,21.7,110,4.7
43821.46181,0.4,3.6,67.6,22,112,4.7
43821.46528,0.4,3.6,67.7,21.8,113,4.7
43821.46875,0.4,3.6,67.9,21.9,115,4.7
43821.47222,0.4,3.6,68.1,21.8,123,4.7
43821.47569,0.4,3.6,68.5,21.8,131,4.7
43821.47917,0.4,3.6,68.5,22.2,145,4.7
43821.48264,0.4,3.6,67.4,22.7,167,4.7
43821.48611,0.4,3.6,66.5,23.1,163,4.7
43821.48958,0.4,3.6,66.1,23.3,160,4.7
43821.49306,0.4,3.6,65.6,23.2,148,4.7
43821.49653,0.4,3.6,65.4,23.1,160,4.7
43821.5,0.4,3.6,65.7,22.9,152,4.7
43821.50347,0.4,3.6,66,22.9,138,4.7
43821.50694,0.4,3.6,66.2,23.2,146,4.7
43821.51042,0.4,3.6,66.3,23.1,140,4.7
43821.51389,0.4,3.6,66.5,23,158,4.7
43821.51736,0.4,3.6,66.8,22.9,153,4.7
43821.52083,0.4,3.6,67.1,22.8,135,4.7
43821.52431,0.4,3.6,67.7,22.5,129,4.7
43821.52778,0.4,3.6,67.9,22.7,126,4.7
43821.53125,0.4,3.6,67.9,22.8,133,4.7
43821.53472,0.4,3.6,67.6,22.8,139,4.7
43821.53819,0.4,3.6,67.5,22.7,163,4.7
43821.54167,0.4,3.6,67.5,22.7,155,4.7
43821.54514,0.4,3.6,67.6,22.7,185,4.7
43821.54861,0.4,3.6,67.5,22.7,164,4.7
43821.55208,0.4,3.6,68,22.6,135,4.7
43821.55556,0.4,3.6,68.2,22.6,138,4.7
43821.55903,0.4,3.6,68.4,22.4,129,4.7
43821.5625,0.4,3.6,68.5,22.4,122,4.7
43821.56597,0.4,3.6,68,22.7,126,4.7
43821.56944,0.4,3.6,67.1,22.8,132,4.7
43821.57292,0.4,3.6,66.6,22.8,131,4.7
43821.57639,0.4,3.6,66.5,22.9,141,4.7
43821.57986,0.4,3.6,66.5,22.9,138,4.6
43821.58333,0.4,3.6,66.6,22.8,124,4.6
43821.58681,0.4,3.6,66.7,22.6,125,4.6
43821.59028,0.4,3.6,66.8,22.6,114,4.6
43821.59375,0.4,3.5,66.6,22.5,120,4.6
43821.59722,0.4,3.6,66.2,22.3,126,4.6
43821.60069,0.4,3.6,66.1,22.2,123,4.6
43821.60417,0.4,3.6,65.8,22.2,111,4.6
43821.60764,0.4,3.6,65,22.2,113,4.6
43821.61111,0.4,3.6,64.4,22.2,126,4.6
43821.61458,0.4,3.6,64.1,22.3,122,4.6
43821.61806,0.4,3.6,63.8,22.3,119,4.6
43821.62153,0.4,3.6,63.8,22.2,116,4.6
43821.625,0.4,3.6,63.7,22.1,114,4.6
43821.62847,0.4,3.6,63.4,22.3,115,4.6
43821.63194,0.4,3.6,62.9,22.3,110,4.6
43821.63542,0.4,3.6,62.8,22.3,106,4.6
43821.63889,0.4,3.6,62.3,22.4,106,4.6
43821.64236,0.4,3.6,62.2,22.1,110,4.6
43821.64583,0.4,3.6,62.3,22.1,110,4.6
43821.64931,0.4,3.6,62.4,22,109,4.6
43821.65278,0.4,3.6,62.6,21.8,107,4.6
43821.65625,0.4,3.6,62.9,21.8,101,4.6
43821.65972,0.4,3.6,62.8,21.4,104,4.6
43821.66319,0.4,3.6,62.5,21.2,106,4.6
43821.66667,0.4,3.6,61.5,21.4,106,4.6
43821.67014,0.4,3.6,60.1,21.5,102,4.6
43821.67361,0.4,3.6,59.3,21.6,101,4.6
43821.67708,0.4,3.6,59,21.6,101,4.6
43821.68056,0.4,3.6,58.6,21.5,100,4.6
43821.68403,0.4,3.6,58.5,21.4,100,4.6
43821.6875,0.4,3.6,58,21.6,0,4.6
43821.69097,0.4,3.6,57.9,21.5,0,4.6
43821.69444,0.4,3.6,57.3,21.8,0,4.6
43821.69792,0.4,3.6,58.4,21.6,0,4.6
43821.70139,0.4,3.6,62.9,21.5,0,4.6
43821.70486,0.4,3.6,60.8,21.8,0,4.6
43821.70833,0.4,3.6,60.2,21.5,0,4.6
43821.71181,0.4,3.6,64.5,20.9,0,4.6
43821.71528,0.4,3.6,63.4,21.1,0,4.6
43821.71875,0.4,3.6,62.3,21,0,4.6
43821.72222,0.4,3.6,62.2,20.9,0,4.6
43821.72569,0.4,3.6,62.3,20.7,0,4.6
43821.72917,0.4,3.6,63.1,20.2,0,4.6
43821.73264,0.4,3.6,66.3,19.7,0,4.6
43821.73611,0.4,3.6,66.2,19.6,0,4.6
43821.73958,0.4,3.6,66.4,19.5,0,4.6
43821.74306,0.4,3.6,66.6,19.2,0,4.6
43821.74653,0.4,3.6,67.1,19,0,4.6
43821.75,0.4,3.6,67.7,18.8,0,4.6
43821.75347,0.4,3.6,68.2,18.6,0,4.6
43821.75694,0.4,3.6,68.9,18.3,0,4.6
43821.76042,0.4,3.6,69.5,18,0,4.6
43821.76389,0.4,3.6,69.5,18.5,0,4.6
43821.76736,0.4,3.6,68.4,18.9,0,4.6
43821.77083,0.4,3.6,68.1,19.1,0,4.6
43821.77431,0.4,3.6,68.7,19.1,0,4.6
43821.77778,0.4,3.6,69.3,18.9,0,4.7
43821.78125,0.4,3.6,70,18.8,0,4.7
43821.78472,0.4,3.6,70.8,18.7,0,4.7
43821.78819,0.4,3.6,71.7,18.4,0,4.7
43821.79167,0.4,3.6,72.5,18.6,0,4.7
43821.79514,0.4,3.6,73.2,18.4,0,4.7
43821.79861,0.4,3.7,74.1,18.1,0,4.7
43821.80208,0.4,3.7,74.9,18.1,0,4.7
43821.80556,0.4,3.7,75.5,18.1,0,4.7
43821.80903,0.4,3.7,76.2,17.9,0,4.7
43821.8125,0.4,3.6,77,17.7,0,4.7
43821.81597,0.4,3.6,77.6,17.7,0,4.7
43821.81944,0.4,3.6,77.9,17.6,0,4.7
43821.82292,0.4,3.6,77.5,17.7,0,4.7
43821.82639,0.4,3.7,77.2,17.8,0,4.7
43821.82986,0.4,3.7,77.1,17.9,0,4.7
43821.83333,0.4,3.6,77.2,17.8,0,4.7
43821.83681,0.4,3.6,77.4,17.8,0,4.7
43821.84028,0.4,3.6,77.8,17.7,0,4.7
43821.84375,0.4,3.6,78.1,17.6,0,4.7
43821.84722,0.4,3.6,78.6,17.6,0,4.7
43821.85069,0.4,3.6,78.8,17.4,0,4.7
43821.85417,0.4,3.7,78.7,17.6,0,4.7
43821.85764,0.4,3.7,78.3,17.6,0,4.7
43821.86111,0.4,3.7,77.7,17.7,0,4.7
43821.86458,0.4,3.7,77.4,17.7,0,4.7
43821.86806,0.4,3.7,77.4,17.5,0,4.7
43821.87153,0.4,3.7,77.5,17.5,0,4.7
43821.875,0.4,3.7,77.8,17.5,0,4.7
43821.87847,0.4,3.6,77.5,17.5,0,4.7
43821.88194,0.4,3.7,76.9,17.7,0,4.7
43821.88542,0.4,3.7,76.7,17.8,0,4.7
43821.88889,0.4,3.6,76.7,17.7,0,4.7
43821.89236,0.4,3.7,76.8,17.7,0,4.7
43821.89583,0.4,3.6,77.2,17.5,0,4.7
43821.89931,0.4,3.6,77.1,17.5,0,4.7
43821.90278,0.4,3.7,76.5,17.8,0,4.7
43821.90625,0.4,3.7,76.1,17.9,0,4.7
43821.90972,0.4,3.7,75.8,18,0,4.7
43821.91319,0.4,3.7,76,17.8,0,4.7
43821.91667,0.4,3.7,76.2,17.7,0,4.7
43821.92014,0.4,3.7,76.4,17.9,0,4.7
43821.92361,0.4,3.6,76,17.7,0,4.7
43821.92708,0.4,3.7,75.8,18,0,4.7
43821.93056,0.4,3.7,75.8,18.1,0,4.7
43821.93403,0.4,3.7,75.7,18,0,4.7
43821.9375,0.4,3.7,76.4,18.1,0,4.7
43821.94097,0.4,3.7,76.3,17.9,0,4.7
43821.94444,0.4,3.7,76.5,18.1,0,4.7
43821.94792,0.4,3.7,76.7,18,0,4.7
43821.95139,0.4,3.7,77,18,0,4.7
43821.95486,0.4,3.6,77.3,17.9,0,4.7
43821.95833,0.4,3.6,77.4,17.9,0,4.7
43821.96181,0.7,3.7,77.6,18,0,4.7
43821.96528,0.7,3.6,77.8,18.1,0,4.7
43821.96875,0.7,3.6,77.8,17.9,0,4.7
43821.97222,0.7,3.6,78.2,17.9,0,4.7
43821.97569,0.7,3.6,78.8,18,0,4.7
43821.97917,0.7,3.6,78.7,17.6,0,4.7
43821.98264,0.7,3.6,78.9,17.9,0,4.7
43821.98611,0.7,3.6,78.6,17.9,0,4.7
43821.98958,0.7,3.6,78.6,18,0,4.7
43821.99306,0.7,3.6,78.3,18,0,4.7
43821.99653,0.7,3.6,78.5,17.8,0,4.7
43822,0.7,3.6,78.9,17.9,100,4.7
43822.00347,0.7,3.6,78.8,17.9,100,4.7
43822.00694,0.7,3.6,77.4,18.3,100,4.7
43822.01042,0.7,3.6,76.3,18.7,100,4.7
43822.01389,0.7,3.6,75.7,19,100,4.7
43822.01736,0.7,3.6,75.5,19.1,100,4.7
43822.02083,0.7,3.6,75.9,19.1,100,4.7
43822.02431,0.7,3.6,76.5,19.2,100,4.7
43822.02778,0.7,3.6,77,19.1,100,4.7
43822.03125,0.7,3.6,77.4,19.2,100,4.7
43822.03472,0.7,3.6,77.7,19.1,100,4.7
43822.03819,0.7,3.6,78.3,19.1,100,4.7
43822.04167,0.7,3.6,78.5,19,100,4.7
43822.04514,0.7,3.6,78.4,19.2,100,4.7
43822.04861,0.7,3.6,78.1,19.3,100,4.7
43822.05208,0.7,3.6,78,19.3,100,4.7
43822.05556,0.7,3.6,78,19.4,100,4.7
43822.05903,0.7,3.6,78,19.5,100,4.7
43822.0625,0.7,3.6,78,19.3,100,4.7
43822.06597,0.7,3.6,77.9,19.3,100,4.7
43822.06944,0.7,3.6,78.1,19.4,100,4.7
43822.07292,0.7,3.6,78.1,19.3,100,4.7
43822.07639,0.7,3.6,78,19.4,100,4.7
43822.07986,0.7,3.6,78.2,19.5,100,4.7
43822.08333,0.7,3.6,78,19.4,100,4.7
43822.08681,0,3.6,78.1,19.5,100,4.7
43822.09028,0,3.6,77.9,19.5,100,4.7
43822.09375,0,3.6,77.8,19.5,100,4.7
43822.09722,0,3.6,77.8,19.4,100,4.7
43822.10069,0,3.6,77.7,19.5,100,4.7
43822.10417,0,3.6,77.9,19.4,100,4.7
43822.10764,0,3.6,78.2,19.2,100,4.7
43822.11111,0,3.6,78.1,19.5,100,4.7
43822.11458,0,3.6,78.3,19.4,100,4.7
43822.11806,0,3.6,78.4,19.4,100,4.7
43822.12153,0,3.6,78,19.4,100,4.7
43822.125,0,3.6,78,19.5,100,4.7
43822.12847,0,3.6,77.6,19.3,100,4.7
43822.13194,0,3.6,77.2,19.4,100,4.7
43822.13542,0,3.6,77.1,19.4,100,4.7
43822.13889,0,3.6,77.1,19.4,100,4.7
43822.14236,0,3.6,77.3,19.3,100,4.7
43822.14583,0,3.6,77.5,19.3,100,4.7
43822.14931,0,3.6,77.6,19.4,100,4.7
43822.15278,0,3.6,77.7,19.4,100,4.7
43822.15625,0,3.6,77.7,19.5,100,4.7
43822.15972,0,3.6,77.3,19.5,100,4.7
43822.16319,0,3.6,77.6,19.4,100,4.7
43822.16667,0,3.6,77.7,19.4,100,4.7
43822.17014,0,3.6,77.2,19.3,100,4.7
43822.17361,0,3.6,77.2,19.5,100,4.7
43822.17708,0,3.6,76.9,19.4,100,4.7
43822.18056,0,3.6,77.2,19.3,100,4.7
43822.18403,0,3.6,77.4,19.3,100,4.7
43822.1875,0,3.6,77,19.5,100,4.7
43822.19097,0,3.6,77.4,19.5,100,4.7
43822.19444,0,3.6,77.2,19.5,100,4.7
43822.19792,0,3.6,77,19.4,100,4.7
43822.20139,0,3.6,77,19.4,100,4.7
43822.20486,0,3.6,76.8,19.5,100,4.7
43822.20833,0,3.6,76.2,19.6,100,4.7
43822.21181,0,3.6,76.6,19.6,100,4.7
43822.21528,0,3.6,76.9,19.6,100,4.7
43822.21875,0,3.6,77.2,19.4,100,4.7
43822.22222,0,3.6,77.2,19.4,100,4.7
43822.22569,0,3.6,76.9,19.4,100,4.7
43822.22917,0,3.6,76.5,19.4,100,4.7
43822.23264,0,3.6,76.3,19.4,100,4.7
43822.23611,0,3.6,76.3,19.6,100,4.7
43822.23958,0,3.6,76.3,19.4,100,4.7
43822.24306,0,3.6,76.5,19.3,100,4.7
43822.24653,0,3.6,75.9,19.6,100,4.7
43822.25,0,3.6,76.4,19.6,100,4.7
43822.25347,0,3.6,76.6,19.4,100,4.7
43822.25694,0,3.6,76.7,19.4,100,4.7
43822.26042,0,3.6,76.7,19.5,100,4.7
43822.26389,0,3.6,76.7,19.4,100,4.7
43822.26736,0,3.6,77.1,19.3,100,4.7
43822.27083,0,3.6,77.2,19.5,100,4.7
43822.27431,0,3.6,77.3,19.5,100,4.7
43822.27778,0,3.6,77,19.5,100,4.7
43822.28125,0,3.6,74.5,18.8,100,4.7
43822.28472,0,3.6,74.4,18.5,100,4.7
43822.28819,0,3.6,74.6,18.2,100,4.7
43822.29167,0,3.6,75,18.3,100,4.7
43822.29514,0,3.6,74.2,18.7,100,4.7
43822.29861,0,3.6,73,19,100,4.7
43822.30208,0,3.6,72.2,19,100,4.7
43822.30556,0,3.6,72.2,18.9,100,4.7
43822.30903,0,3.6,71.9,19.1,100,4.7
43822.3125,0,3.6,71.6,19.2,100,4.7
43822.31597,0,3.6,71,19.1,100,4.7
43822.31944,0,3.6,70.9,19,100,4.7
43822.32292,0,3.6,70.7,18.8,100,4.7
43822.32639,0,3.6,71.2,18.7,100,4.7
43822.32986,0,3.6,71,18.8,100,4.7
43822.33333,0,3.6,70.6,18.9,100,4.7
43822.33681,0,3.6,70.4,19,100,4.7
43822.34028,0,3.6,70.2,18.9,100,4.7
43822.34375,0,3.6,69.9,18.9,100,4.7
43822.34722,0,3.6,69.8,19.2,100,4.7
43822.35069,0,3.6,69.7,19.3,100,4.7
43822.35417,0,3.6,69.7,19.3,100,4.7
43822.35764,0,3.6,70,19.3,100,4.7
43822.36111,0,3.6,70,19.4,100,4.7
43822.36458,0,3.6,69.8,19.3,101,4.7
43822.36806,0,3.6,69.8,19.3,103,4.7
43822.37153,0,3.6,69.9,19.3,104,4.7
43822.375,0,3.6,70,19.3,109,4.7
43822.37847,0,3.6,70,19.5,110,4.7
43822.38194,0,3.6,70,19.6,111,4.7
43822.38542,0,3.6,70.1,19.7,111,4.7
43822.38889,0,3.6,70.3,19.9,110,4.7
43822.39236,0,3.6,70.1,20,114,4.7
43822.39583,0,3.6,70.1,20.2,118,4.7
43822.39931,0,3.6,69.5,20.1,122,4.7
43822.40278,0,3.6,69.7,20.1,117,4.7
43822.40625,0,3.6,69.7,20.4,137,4.7
43822.40972,0,3.6,68.9,20.6,126,4.7
43822.41319,0,3.6,69.2,20.5,129,4.7
43822.41667,0,3.6,69.3,20.5,139,4.7
43822.42014,0,3.6,69.1,20.8,141,4.7
43822.42361,0,3.6,68.9,21,132,4.7
43822.42708,0,3.6,68.8,21,154,4.7
43822.43056,0,3.6,68.6,20.8,130,4.7
43822.43403,0,3.6,68.8,21,148,4.7
43822.4375,0,3.6,69,21.1,158,4.7
43822.44097,0,3.6,69.1,21.1,167,4.7
43822.44444,0,3.6,69.2,21.3,172,4.7
43822.44792,0,3.6,69.4,21.4,138,4.7
43822.45139,0,3.6,69.6,21.3,176,4.7
43822.45486,0,3.6,69.4,21.3,196,4.7
43822.45833,0.2,3.6,68.9,21.4,190,4.7
43822.46181,0.2,3.6,68.5,21.6,170,4.7
43822.46528,0.2,3.6,68.2,21.4,152,4.7
43822.46875,0.2,4.5,68,21.2,181,4.7
43822.47222,0.2,6.2,67.2,21.8,179,5.6
43822.47569,0.2,6.6,66.6,22,147,6.1
43822.47917,0.2,6.7,66.5,22.1,241,6.3
43822.48264,0.2,6.7,66.6,22.3,180,6.4
43822.48611,0.2,6.7,67,22.4,216,6.5
43822.48958,0.2,7.1,67.1,22.5,190,6.4
43822.49306,0.2,7.3,67.4,22.3,188,6.1
43822.49653,0.2,6.8,67.7,22.5,169,5.8
43822.5,0.2,6.5,68.2,22.4,141,6.1
43822.50347,0.2,6.3,68.5,22.2,144,6.3
43822.50694,0.2,6.2,68.5,22.2,150,6.4
43822.51042,0.2,6.1,68,22.3,151,6.4
43822.51389,0.2,6,67.2,22.8,193,6.4
43822.51736,0.2,5.9,66.4,22.9,226,6.5
43822.52083,0.2,5.8,65.8,22.9,193,6.5
43822.52431,0.2,5.8,65.6,22.8,167,6.5
43822.52778,0.2,5.8,65.8,22.5,154,6.5
43822.53125,0.2,5.7,65.5,22.5,170,6.5
43822.53472,0.2,5.7,65.8,22.1,170,6.5
43822.53819,0.2,5.6,65.8,22.3,255,6.6
43822.54167,0.2,5.6,64.9,22.5,295,6.6
43822.54514,0.2,5.6,64.6,22.5,183,6.6
43822.54861,0.2,5.5,64.9,22.5,189,6.6
43822.55208,0.2,5.5,64.9,22.3,212,6.6
43822.55556,0.2,5.5,65,22.3,214,6.6
43822.55903,0.2,5.5,65.1,22.3,211,6.5
43822.5625,0.2,5.5,65.2,22.4,201,6.5
43822.56597,0.2,5.5,65.1,22.3,181,6.6
43822.56944,0.2,5.7,65.2,22.4,181,6.8
43822.57292,0.2,5.7,65.3,22.3,170,6.2
43822.57639,0.2,5.7,65.3,22.4,185,6.2
43822.57986,0.2,5.5,65.3,22.5,192,6.3
43822.58333,0.2,5.5,65.1,22.3,182,6.4
43822.58681,0.2,5.4,65.5,22.3,170,6.4
43822.59028,0.2,5.3,65.8,22.3,168,6.5
43822.59375,0.2,5.2,65.7,22.2,153,6.5
43822.59722,0.2,5.2,65.6,22.3,151,6.5
43822.60069,0.2,5.1,65,22.5,164,6.5
43822.60417,0.2,5,64.6,22.6,164,6.6
43822.60764,0.2,5,64.3,22.7,157,6.6
43822.61111,0.2,4.9,64.3,22.8,174,6.6
43822.61458,0.2,4.9,64,22.3,198,6.6
43822.61806,0.2,4.9,63.7,22.6,183,6.6
43822.62153,0.2,4.8,63.4,22.4,182,6.6
43822.625,0.2,4.8,63.5,22.5,176,6.6
43822.62847,0.2,4.8,63.5,22.5,188,6.6
43822.63194,0.2,4.8,63.4,22.4,210,6.6
43822.63542,0.2,4.7,63.3,22.6,205,6.6
43822.63889,0.2,4.7,63.1,22.5,186,6.6
43822.64236,0.2,4.7,63.1,22.6,176,6.5
43822.64583,0.2,4.7,62.9,22.4,168,6.5
43822.64931,0.2,4.7,62.8,22.3,142,6.5
43822.65278,0.2,4.7,63.1,22.3,133,6.5
43822.65625,0.2,4.7,63.1,22.3,132,6.5
43822.65972,0.2,4.7,63,22.2,127,6.4
43822.66319,0.2,4.7,62.6,22.2,155,6.4
43822.66667,0.2,4.6,61.9,22.4,206,6.3
43822.67014,0.2,4.6,61.5,22.3,202,6.3
43822.67361,0.2,4.6,60.4,22.9,198,6.3
43822.67708,0.2,4.6,59.9,23.1,197,6.3
43822.68056,0.2,4.6,60.2,23.1,193,6.3
43822.68403,0.2,4.6,60.2,23.1,190,6.3
43822.6875,0.2,4.6,59.9,22.6,3,6.3
43822.69097,0.2,4.6,62.1,21.5,0,6.3
43822.69444,0.2,4.6,63.8,21.1,0,6.3
43822.69792,0.2,4.7,65,21,0,6.3
43822.70139,0.2,4.7,66,20.8,0,6.3
43822.70486,0.2,4.7,66.9,20.3,0,6.3
43822.70833,0.2,4.7,67.3,20.3,0,6.3
43822.71181,0.2,4.7,67.4,20.1,0,6.2
43822.71528,0.2,4.7,67.7,19.8,0,6.2
43822.71875,0.2,4.8,67.9,19.8,0,6.2
43822.72222,0.2,4.8,67.8,19.5,0,6.2
43822.72569,0.2,4.8,68.1,19.3,0,6.2
43822.72917,0.2,4.8,68.4,19,0,6.2
43822.73264,0.2,4.8,68.5,19,0,6.2
43822.73611,0.2,4.8,68.9,18.8,0,6.2
43822.73958,0.2,4.9,68.9,18.6,0,6.1
43822.74306,0.2,4.9,69.1,18.5,0,6.1
43822.74653,0.2,4.9,69.2,18.4,0,6.1
43822.75,0.2,4.9,69.4,18.3,0,6.1
43822.75347,0.2,4.9,69.8,18.2,0,6.1
43822.75694,0.2,4.9,70.1,18,0,6.1
43822.76042,0.2,4.9,70.7,17.7,0,6
43822.76389,0.2,4.9,70.2,18.2,0,6.1
43822.76736,0.2,4.9,68.9,18.7,0,6.1
43822.77083,0.2,4.9,69,18.8,0,6.1
43822.77431,0.2,4.9,69.3,18.7,0,6.1
43822.77778,0.2,4.9,69.8,18.7,0,6.1
43822.78125,0.2,4.9,70.4,18.5,0,6
43822.78472,0.2,4.9,70.7,18.2,0,6
43822.78819,0.2,4.9,71.2,18,0,6
43822.79167,0.2,5,71.8,17.9,0,6
43822.79514,0.2,5,72.5,17.9,0,6
43822.79861,0.2,5,73.2,17.8,0,6
43822.80208,0.2,5,74,17.6,0,6
43822.80556,0.2,5,74.7,17.5,0,6
43822.80903,0.2,5,75.3,17.5,0,6
43822.8125,0.2,5,76,17.4,0,5.9
43822.81597,0.2,5,76.6,17.2,0,5.9
43822.81944,0.2,5,77.3,17.2,0,5.9
43822.82292,0.2,5,77.8,17.1,0,5.9
43822.82639,0.2,5,78.5,16.9,0,5.9
43822.82986,0.2,5,79,16.9,0,5.9
43822.83333,0.2,5,79.5,16.7,0,5.9
43822.83681,0.2,5,79.9,16.6,0,5.8
43822.84028,0.2,5,80.1,16.7,0,5.8
43822.84375,0.2,5,79.5,16.8,0,5.8
43822.84722,0.2,5,78.7,16.9,0,5.8
43822.85069,0.2,5,78.3,16.9,0,5.8
43822.85417,0.2,5,78.3,16.8,0,5.8
43822.85764,0.2,5,78.2,16.9,0,5.8
43822.86111,0.2,4.9,78.4,16.8,0,5.8
43822.86458,0.2,4.9,78.6,17,0,5.8
43822.86806,0.2,4.9,78.9,16.9,0,5.8
43822.87153,0.2,4.9,79.1,16.8,0,5.8
43822.875,0.2,4.9,79.2,17,0,5.8
43822.87847,0.2,4.9,79.2,16.9,0,5.8
43822.88194,0.2,4.9,79.2,17,0,5.8
43822.88542,0.2,4.9,79.3,17,0,5.8
43822.88889,0.2,4.9,79.5,17.1,0,5.8
43822.89236,0.2,4.9,79.5,17,0,5.8
43822.89583,0.2,4.9,79.6,17.3,0,5.8
43822.89931,0.2,4.9,79.6,17.2,0,5.8
43822.90278,0.2,4.9,79.7,17.1,0,5.8
43822.90625,0.2,4.9,79.8,17.1,0,5.8
43822.90972,0.2,4.9,79.8,17.1,0,5.8
43822.91319,0.2,4.9,79.6,17.1,0,5.8
43822.91667,0.2,4.9,79.9,17.2,0,5.8
43822.92014,0.2,4.9,79.8,17.2,0,5.8
43822.92361,0.2,4.9,79.8,17.1,0,5.8
43822.92708,0.2,4.9,79.9,17.1,0,5.8
43822.93056,0.2,4.9,80,17.1,0,5.8
43822.93403,0.2,4.9,80,16.9,0,5.8
43822.9375,0.2,4.9,80.1,17.1,0,5.8
43822.94097,0.2,4.9,80.1,16.9,0,5.8
43822.94444,0.2,4.9,80.4,16.9,0,5.8
43822.94792,0.2,4.9,80.4,17,0,5.7
43822.95139,0.2,4.9,80.4,16.9,0,5.7
43822.95486,0.2,4.9,80.3,16.8,0,5.7
43822.95833,0.2,4.9,80.3,16.6,0,5.7
43822.96181,0.2,4.9,79.9,16.8,0,5.7
43822.96528,0.2,4.9,78.8,17.2,0,5.7
43822.96875,0.2,4.9,77.7,17.3,0,5.7
43822.97222,0.2,4.8,77.6,17.4,0,5.7
43822.97569,0.2,4.8,77.3,17.3,0,5.7
43822.97917,0.2,4.8,77.6,17.1,0,5.7
43822.98264,0.2,4.8,77.8,17.4,0,5.7
43822.98611,0.2,4.8,76.6,17.5,0,5.7
43822.98958,0.2,4.8,76,17.8,0,5.7
43822.99306,0.2,4.8,75.6,17.7,0,5.7
43822.99653,0.2,4.8,75.9,17.7,0,5.7
